Author(s),source_id,Country,Region,Family,Species,Plant type,Annual or perennial nature,leaf color,Pi,Po,Metabolite_P,Metbolic_P,Lipid_P,Nucleic_P,Residual_P,Total_P
Close and Beadle 2004,Close_2004,Australia,Aus_NZ,Myrtaceae,Eucalyptus nitens,Tree,perennial,G,1147,*,*,*,*,740,*,3700
Close and Beadle 2004,Close_2004,Australia,Aus_NZ,Myrtaceae,Eucalyptus globulus,Tree,perennial,G,1007,*,*,*,*,1219,*,5300
Close and Beadle 2004,Close_2004,Australia,Aus_NZ,Myrtaceae,Eucalyptus nitens,Tree,perennial,G,1415,*,*,*,*,1292,*,6150
Close and Beadle 2004,Close_2004,Australia,Aus_NZ,Myrtaceae,Eucalyptus nitens,Tree,perennial,G,1896,*,*,*,*,1422,*,7900
Hooda and Weston 1999,Hooda_1999,Australia,Aus_NZ,Myrtaceae,Eucalyptus globulus,Tree,perennial,G,238,*,*,*,*,*,176,724
Hooda and Weston 1999,Hooda_1999,Australia,Aus_NZ,Myrtaceae,Eucalyptus globulus,Tree,perennial,G,220,*,*,*,*,*,110,599
Hooda and Weston 1999,Hooda_1999,Australia,Aus_NZ,Myrtaceae,Eucalyptus globulus,Tree,perennial,G,362,*,*,*,*,*,141,825
Hooda and Weston 1999,Hooda_1999,Australia,Aus_NZ,Myrtaceae,Eucalyptus globulus,Tree,perennial,G,303,*,*,*,*,*,191,784
Hooda and Weston 1999,Hooda_1999,Australia,Aus_NZ,Myrtaceae,Eucalyptus globulus,Tree,perennial,G,308,*,*,*,*,*,46,668
Hooda and Weston 1999,Hooda_1999,Australia,Aus_NZ,Myrtaceae,Eucalyptus globulus,Tree,perennial,G,253,*,*,*,*,*,54,579
Hooda and Weston 1999,Hooda_1999,Australia,Aus_NZ,Myrtaceae,Eucalyptus globulus,Tree,perennial,G,330,*,*,*,*,*,65,707
Hooda and Weston 1999,Hooda_1999,Australia,Aus_NZ,Myrtaceae,Eucalyptus globulus,Tree,perennial,G,338,*,*,*,*,*,92,733
Hooda and Weston 1999,Hooda_1999,Australia,Aus_NZ,Myrtaceae,Eucalyptus globulus,Tree,perennial,G,487,*,*,*,*,*,174,1099
Hooda and Weston 1999,Hooda_1999,Australia,Aus_NZ,Myrtaceae,Eucalyptus globulus,Tree,perennial,G,424,*,*,*,*,*,153,939
Hooda and Weston 1999,Hooda_1999,Australia,Aus_NZ,Myrtaceae,Eucalyptus globulus,Tree,perennial,G,403,*,*,*,*,*,163,971
Hooda and Weston 1999,Hooda_1999,Australia,Aus_NZ,Myrtaceae,Eucalyptus globulus,Tree,perennial,G,429,*,*,*,*,*,140,894
Hooda and Weston 1999,Hooda_1999,Australia,Aus_NZ,Myrtaceae,Eucalyptus globulus,Tree,perennial,S,166,*,*,*,*,*,148,583
Hooda and Weston 1999,Hooda_1999,Australia,Aus_NZ,Myrtaceae,Eucalyptus globulus,Tree,perennial,S,138,*,*,*,*,*,139,481
Hooda and Weston 1999,Hooda_1999,Australia,Aus_NZ,Myrtaceae,Eucalyptus globulus,Tree,perennial,S,308,*,*,*,*,*,138,849
Hooda and Weston 1999,Hooda_1999,Australia,Aus_NZ,Myrtaceae,Eucalyptus globulus,Tree,perennial,S,488,*,*,*,*,*,240,1086
Hooda and Weston 1999,Hooda_1999,Australia,Aus_NZ,Myrtaceae,Eucalyptus globulus,Tree,perennial,S,221,*,*,*,*,*,59,610
Hooda and Weston 1999,Hooda_1999,Australia,Aus_NZ,Myrtaceae,Eucalyptus globulus,Tree,perennial,S,192,*,*,*,*,*,35,542
Hooda and Weston 1999,Hooda_1999,Australia,Aus_NZ,Myrtaceae,Eucalyptus globulus,Tree,perennial,S,380,*,*,*,*,*,92,771
Hooda and Weston 1999,Hooda_1999,Australia,Aus_NZ,Myrtaceae,Eucalyptus globulus,Tree,perennial,S,454,*,*,*,*,*,32,826
Hooda and Weston 1999,Hooda_1999,Australia,Aus_NZ,Myrtaceae,Eucalyptus globulus,Tree,perennial,S,235,*,*,*,*,*,98,631
Hooda and Weston 1999,Hooda_1999,Australia,Aus_NZ,Myrtaceae,Eucalyptus globulus,Tree,perennial,S,238,*,*,*,*,*,65,585
Hooda and Weston 1999,Hooda_1999,Australia,Aus_NZ,Myrtaceae,Eucalyptus globulus,Tree,perennial,S,325,*,*,*,*,*,54,701
Hooda and Weston 1999,Hooda_1999,Australia,Aus_NZ,Myrtaceae,Eucalyptus globulus,Tree,perennial,S,354,*,*,*,*,*,28,633
Mulligan 1988,Mulligan_1988,Australia,Aus_NZ,Myrtaceae,Eucalyptus grandis,Tree,perennial,G,16,*,92,*,41,95,27,270
Mulligan 1988,Mulligan_1988,Australia,Aus_NZ,Myrtaceae,Eucalyptus pilularis ,Tree,perennial,G,14,*,63,*,22,56,27,180
Mulligan 1988,Mulligan_1988,Australia,Aus_NZ,Myrtaceae,Eucalyptus pilularis ,Tree,perennial,G,10,*,53,*,22,56,29,170
Mulligan 1988,Mulligan_1988,Australia,Aus_NZ,Myrtaceae,Eucalyptus gummifera,Tree,perennial,G,27,*,58,*,73,92,55,305
Mulligan 1988,Mulligan_1988,Australia,Aus_NZ,Myrtaceae,Eucalyptus grandis,Tree,perennial,G,120,*,126,*,150,150,54,600
Mulligan 1988,Mulligan_1988,Australia,Aus_NZ,Myrtaceae,Eucalyptus pilularis ,Tree,perennial,G,18,*,83,*,42,83,36,260
Mulligan 1988,Mulligan_1988,Australia,Aus_NZ,Myrtaceae,Eucalyptus pilularis ,Tree,perennial,G,18,*,83,*,35,83,33,250
Mulligan 1988,Mulligan_1988,Australia,Aus_NZ,Myrtaceae,Eucalyptus gummifera,Tree,perennial,G,51,*,66,*,60,84,42,300
Yan et al 2019,Yan_2019,Australia,Aus_NZ,Myrtaceae,Melaleuca systena,Tree,perennial,G,250,*,45,*,150,155,40,640
Yan et al 2019,Yan_2019,Australia,Aus_NZ,Myrtaceae,Melaleuca systena,Tree,perennial,G,130,*,40,*,95,140,35,440
Yan et al 2019,Yan_2019,Australia,Aus_NZ,Myrtaceae,Melaleuca systena,Tree,perennial,G,90,*,30,*,70,110,25,325
Yan et al 2019,Yan_2019,Australia,Aus_NZ,Myrtaceae,Melaleuca systena,Tree,perennial,G,40,*,30,*,80,80,25,255
Yan et al 2019,Yan_2019,Australia,Aus_NZ,Fabaceae,Acacia rostellifera,Tree,perennial,G,140,*,47,*,105,210,40,542
Yan et al 2019,Yan_2019,Australia,Aus_NZ,Fabaceae,Acacia rostellifera,Tree,perennial,G,160,*,43,*,115,200,35,553
Yan et al 2019,Yan_2019,Australia,Aus_NZ,Fabaceae,Acacia rostellifera,Tree,perennial,G,120,*,50,*,100,175,50,495
Yan et al 2019,Yan_2019,Australia,Aus_NZ,Proteaceae,Hakea prostrata,Tree,perennial,G,155,*,28,*,55,125,30,393
Yan et al 2019,Yan_2019,Australia,Aus_NZ,Proteaceae,Hakea prostrata,Tree,perennial,G,150,*,25,*,65,120,30,390
Yan et al 2019,Yan_2019,Australia,Aus_NZ,Proteaceae,Hakea prostrata,Tree,perennial,G,125,*,30,*,55,115,35,360
Yan et al 2019,Yan_2019,Australia,Aus_NZ,Proteaceae,Hakea prostrata,Tree,perennial,G,60,*,20,*,25,80,25,210
Ye et al. 2021,Ye_2021,Australia,Aus_NZ,Amaranthaceae,Ptilotus exaltatus,HerbPere,perennial,G,500,*,150,*,600,400,20,1500
Ye et al. 2021,Ye_2021,Australia,Aus_NZ,Amaranthaceae,Ptilotus exaltatus,HerbPere,perennial,G,16500,*,4200,*,1950,800,40,21000
Ye et al. 2021,Ye_2021,Australia,Aus_NZ,Amaranthaceae,Ptilotus exaltatus,HerbPere,perennial,G,3200,*,1050,*,1000,450,15,5100
Ye et al. 2021,Ye_2021,Australia,Aus_NZ,Fabaceae,Kennedia prostrata,HerbPere,perennial,G,350,*,150,*,950,1020,200,2500
Ye et al. 2021,Ye_2021,Australia,Aus_NZ,Fabaceae,Kennedia prostrata,HerbPere,perennial,G,11500,*,2000,*,2020,1400,220,16500
Ye et al. 2021,Ye_2021,Australia,Aus_NZ,Fabaceae,Kennedia prostrata,HerbPere,perennial,G,7000,*,2050,*,1900,1600,210,12500
Ranathunge (unpublished),Ranathunge_2022,Australia,Aus_NZ,Proteaceae,Grevillea thelamanniana,Tree,perennial,G,164,*,1,*,108,120,29,433
Ranathunge (unpublished),Ranathunge_2022,Australia,Aus_NZ,Proteaceae,Grevillea thelamanniana,Tree,perennial,G,115,*,7,*,100,117,22,398
Ranathunge (unpublished),Ranathunge_2022,Australia,Aus_NZ,Proteaceae,Grevillea thelamanniana,Tree,perennial,G,80,*,47,*,82,137,33,386
Ranathunge (unpublished),Ranathunge_2022,Australia,Aus_NZ,Proteaceae,Grevillea thelamanniana,Tree,perennial,G,105,*,26,*,74,123,37,383
Ranathunge (unpublished),Ranathunge_2022,Australia,Aus_NZ,Proteaceae,Grevillea thelamanniana,Tree,perennial,G,134,*,11,*,102,136,36,434
Ranathunge (unpublished),Ranathunge_2022,Australia,Aus_NZ,Proteaceae,Grevillea thelamanniana,Tree,perennial,G,144,*,5,*,112,132,25,454
Ranathunge (unpublished),Ranathunge_2022,Australia,Aus_NZ,Proteaceae,Grevillea thelamanniana,Tree,perennial,G,143,*,0,*,116,132,27,448
Ranathunge (unpublished),Ranathunge_2022,Australia,Aus_NZ,Proteaceae,Grevillea thelamanniana,Tree,perennial,G,108,*,29,*,111,123,32,430
Ranathunge (unpublished),Ranathunge_2022,Australia,Aus_NZ,Proteaceae,Banksia telmatiaea,Tree,perennial,G,135,*,1,*,46,103,27,323
Ranathunge (unpublished),Ranathunge_2022,Australia,Aus_NZ,Proteaceae,Banksia telmatiaea,Tree,perennial,G,109,*,7,*,49,88,25,300
Ranathunge (unpublished),Ranathunge_2022,Australia,Aus_NZ,Proteaceae,Banksia telmatiaea,Tree,perennial,G,124,*,3,*,43,77,24,318
Ranathunge (unpublished),Ranathunge_2022,Australia,Aus_NZ,Proteaceae,Banksia telmatiaea,Tree,perennial,G,108,*,10,*,62,118,30,309
Ranathunge (unpublished),Ranathunge_2022,Australia,Aus_NZ,Proteaceae,Banksia telmatiaea,Tree,perennial,G,117,*,9,*,59,114,23,298
Ranathunge (unpublished),Ranathunge_2022,Australia,Aus_NZ,Proteaceae,Banksia telmatiaea,Tree,perennial,G,100,*,16,*,70,114,34,325
Ranathunge (unpublished),Ranathunge_2022,Australia,Aus_NZ,Proteaceae,Banksia telmatiaea,Tree,perennial,G,108,*,8,*,58,116,29,329
Ranathunge (unpublished),Ranathunge_2022,Australia,Aus_NZ,Proteaceae,Banksia telmatiaea,Tree,perennial,G,102,*,12,*,74,105,29,342
Ranathunge (unpublished),Ranathunge_2022,Australia,Aus_NZ,Proteaceae,Banksia attenuata,Tree,perennial,G,83,*,7,*,45,92,20,267
Ranathunge (unpublished),Ranathunge_2022,Australia,Aus_NZ,Proteaceae,Banksia attenuata,Tree,perennial,G,65,*,32,*,40,89,24,272
Ranathunge (unpublished),Ranathunge_2022,Australia,Aus_NZ,Proteaceae,Banksia attenuata,Tree,perennial,G,53,*,23,*,44,98,21,259
Ranathunge (unpublished),Ranathunge_2022,Australia,Aus_NZ,Proteaceae,Banksia attenuata,Tree,perennial,G,96,*,43,*,52,109,31,307
Ranathunge (unpublished),Ranathunge_2022,Australia,Aus_NZ,Proteaceae,Banksia menziesii,Tree,perennial,G,63,*,62,*,59,100,23,328
Ranathunge (unpublished),Ranathunge_2022,Australia,Aus_NZ,Proteaceae,Banksia menziesii,Tree,perennial,G,83,*,13,*,55,83,19,264
Ranathunge (unpublished),Ranathunge_2022,Australia,Aus_NZ,Proteaceae,Banksia menziesii,Tree,perennial,G,92,*,16,*,37,91,20,294
Ranathunge (unpublished),Ranathunge_2022,Australia,Aus_NZ,Proteaceae,Banksia menziesii,Tree,perennial,G,57,*,76,*,67,103,16,333
Gille abd Dayrell (unpublished) ,Gille_2022,Australia,Aus_NZ,Fabaceae,*,Tree,perennial,G,91,*,36,*,47,101,20,315
Gille abd Dayrell (unpublished) ,Gille_2022,Australia,Aus_NZ,Myrtaceae,*,Tree,perennial,G,63,*,27,*,60,101,18,284
Gille abd Dayrell (unpublished) ,Gille_2022,Australia,Aus_NZ,Proteaceae,*,Tree,perennial,G,40,*,39,*,38,70,10,198
