Genus,Species,Date,Name,Population,Time of Day,shrubs,flowers,Total flowers,...10,Slot,Grand Total,Section,Group,taxon_name,row_number,pollinator,pollination_count,pollinator2,pollinators
Prostanthera,aspalathoides,2008-10-15T00:00:00Z,Trevor Wilson,Taleeban Mallee Area,1899-12-31T09:00:00Z,10,340,3400,NA,2,NA,Klanderia,Klanderia,Prostanthera aspalathoides,1,birds,1,bird,birds
Prostanthera,aspalathoides,2008-10-15T00:00:00Z,Trevor Wilson,Taleeban Mallee Area,1899-12-31T18:00:00Z,10,340,3400,NA,5,NA,Klanderia,Klanderia,Prostanthera aspalathoides,2,birds,1,bird,birds
Prostanthera,aspalathoides,2008-10-16T00:00:00Z,Trevor Wilson,Gubbata Road,1899-12-31T18:00:00Z,6,279,1674,NA,5,NA,Klanderia,Klanderia,Prostanthera aspalathoides,3,birds,1,bird,birds
Prostanthera,aspalathoides,2008-10-17T00:00:00Z,Robin McAlpine,Gubbata Road,1899-12-31T07:00:00Z,6,252,1512,NA,1,NA,Klanderia,Klanderia,Prostanthera aspalathoides,4,birds,1,bird,birds
Prostanthera,aspalathoides,2008-10-17T00:00:00Z,Trevor Wilson,Gubbata Road,1899-12-31T09:00:00Z,6,279,1674,NA,2,NA,Klanderia,Klanderia,Prostanthera aspalathoides,5,birds,1,bird,birds
Prostanthera,monticola,2007-12-06T00:00:00Z,Marjan Medhat,Crystal Brook Falls,1899-12-31T08:00:00Z,10,47.5,475,NA,2,NA,Klanderia,Klanderia,Prostanthera monticola,6,birds,4,bird,birds
Prostanthera,monticola,2007-12-06T00:00:00Z,Marjan Medhat,Crystal Brook Falls,1899-12-31T10:00:00Z,10,47.5,475,NA,3,NA,Klanderia,Klanderia,Prostanthera monticola,7,birds,7,bird,birds
Prostanthera,monticola,2007-12-06T00:00:00Z,Marjan Medhat,Crystal Brook Falls,1899-12-31T13:00:00Z,10,47.5,475,NA,4,NA,Klanderia,Klanderia,Prostanthera monticola,8,birds,3,bird,birds
Prostanthera,monticola,2007-12-06T00:00:00Z,Marjan Medhat,Crystal Brook Falls,1899-12-31T18:00:00Z,10,47.5,475,NA,5,NA,Klanderia,Klanderia,Prostanthera monticola,9,birds,2,bird,birds
Prostanthera,monticola,2007-12-06T00:00:00Z,Trevor Wilson,Crystal Brook Falls,1899-12-31T06:00:00Z,10,47.5,475,NA,1,NA,Klanderia,Klanderia,Prostanthera monticola,10,birds,3,bird,birds
Prostanthera,monticola,2007-12-06T00:00:00Z,Trevor Wilson,Crystal Brook Falls,1899-12-31T08:00:00Z,10,47.5,475,NA,2,NA,Klanderia,Klanderia,Prostanthera monticola,11,birds,6,bird,birds
Prostanthera,monticola,2007-12-06T00:00:00Z,Trevor Wilson,Crystal Brook Falls,1899-12-31T10:00:00Z,10,47.5,475,NA,3,NA,Klanderia,Klanderia,Prostanthera monticola,12,birds,8,bird,birds
Prostanthera,monticola,2007-12-06T00:00:00Z,Trevor Wilson,Crystal Brook Falls,1899-12-31T13:00:00Z,10,47.5,475,NA,4,NA,Klanderia,Klanderia,Prostanthera monticola,13,birds,6,bird,birds
Prostanthera,monticola,2007-12-06T00:00:00Z,Trevor Wilson,Crystal Brook Falls,1899-12-31T18:00:00Z,10,47.5,475,NA,5,NA,Klanderia,Klanderia,Prostanthera monticola,14,birds,6,bird,birds
Prostanthera,monticola,2007-12-08T00:00:00Z,Marjan Medhat,Crystal Brook Falls,1899-12-31T08:00:00Z,10,43,430,NA,1,NA,Klanderia,Klanderia,Prostanthera monticola,15,birds,2,bird,birds
Prostanthera,monticola,2007-12-08T00:00:00Z,Marjan Medhat,Crystal Brook Falls,1899-12-31T10:30:00Z,10,43,430,NA,2,NA,Klanderia,Klanderia,Prostanthera monticola,16,birds,5,bird,birds
Prostanthera,monticola,2007-12-08T00:00:00Z,Marjan Medhat,Crystal Brook Falls,1899-12-31T16:00:00Z,10,43,430,NA,4,NA,Klanderia,Klanderia,Prostanthera monticola,17,birds,6,bird,birds
Prostanthera,monticola,2007-12-08T00:00:00Z,Trevor Wilson,Crystal Brook Falls,1899-12-31T07:00:00Z,10,43,430,NA,1,NA,Klanderia,Klanderia,Prostanthera monticola,18,birds,19,bird,birds
Prostanthera,monticola,2007-12-08T00:00:00Z,Trevor Wilson,Crystal Brook Falls,1899-12-31T08:00:00Z,10,43,430,NA,1,NA,Klanderia,Klanderia,Prostanthera monticola,19,birds,4,bird,birds
Prostanthera,monticola,2007-12-08T00:00:00Z,Trevor Wilson,Crystal Brook Falls,1899-12-31T13:30:00Z,10,43,430,NA,3,NA,Klanderia,Klanderia,Prostanthera monticola,20,birds,10,bird,birds
Prostanthera,monticola,2007-12-08T00:00:00Z,Trevor Wilson,Lady Carmichael Falls,1899-12-31T05:30:00Z,10,43,430,NA,1,NA,Klanderia,Klanderia,Prostanthera monticola,21,birds,13,bird,birds
Prostanthera,monticola,2007-12-08T00:00:00Z,Marjan Medhat,Lady Carmichael Falls,1899-12-31T10:30:00Z,10,43,430,NA,2,NA,Klanderia,Klanderia,Prostanthera monticola,22,birds,7,bird,birds
Prostanthera,monticola,2007-12-08T00:00:00Z,Trevor Wilson,Lady Carmichael Falls,1899-12-31T13:30:00Z,10,43,430,NA,3,NA,Klanderia,Klanderia,Prostanthera monticola,23,birds,14,bird,birds
Prostanthera,monticola,2007-12-08T00:00:00Z,Marjan Medhat,Lady Carmichael Falls,1899-12-31T16:00:00Z,10,43,430,NA,4,NA,Klanderia,Klanderia,Prostanthera monticola,24,birds,6,bird,birds
Prostanthera,monticola,2008-01-13T00:00:00Z,Trevor Wilson,Lady Carmichael,1899-12-31T08:00:00Z,10,43,430,NA,1,NA,Klanderia,Klanderia,Prostanthera monticola,25,birds,2,bird,birds
Prostanthera,monticola,2008-01-14T00:00:00Z,Trevor Wilson,Crystal Brook Falls,1899-12-31T11:10:00Z,10,43,430,NA,2,NA,Klanderia,Klanderia,Prostanthera monticola,26,apis_mellifera,6,bee,apis_mellifera
Prostanthera,monticola,2008-01-14T00:00:00Z,Trevor Wilson,Hawkhead,1899-12-31T15:44:00Z,10,43,430,NA,3,NA,Klanderia,Klanderia,Prostanthera monticola,27,birds,3,bird,birds
Prostanthera,monticola,2008-01-18T00:00:00Z,Trevor Wilson,South Buffalo,1899-12-31T09:00:00Z,5,98,490,NA,2,NA,Klanderia,Klanderia,Prostanthera monticola,28,apis_mellifera,23,bee,apis_mellifera birds
Prostanthera,monticola,2008-01-18T00:00:00Z,Trevor Wilson,South Buffalo,1899-12-31T11:00:00Z,5,98,490,NA,3,NA,Klanderia,Klanderia,Prostanthera monticola,29,apis_mellifera,24,bee,apis_mellifera
Prostanthera,monticola,2008-01-18T00:00:00Z,Trevor Wilson,South Buffalo,1899-12-31T13:10:00Z,5,98,490,NA,4,NA,Klanderia,Klanderia,Prostanthera monticola,30,apis_mellifera,3,bee,apis_mellifera birds
Prostanthera,monticola,2008-01-18T00:00:00Z,Trevor Wilson,South Buffalo,1899-12-31T16:45:00Z,5,98,490,NA,5,NA,Klanderia,Klanderia,Prostanthera monticola,31,birds,5,bird,birds
Prostanthera,monticola,2008-12-02T00:00:00Z,Trevor Wilson,Crystal Brook Falls,1899-12-31T15:00:00Z,10,183,1830,NA,4,NA,Klanderia,Klanderia,Prostanthera monticola,32,birds,6,bird,birds
Prostanthera,monticola,2008-12-02T00:00:00Z,Trevor Wilson,Crystal Brook Falls,1899-12-31T18:00:00Z,10,183,1830,NA,5,NA,Klanderia,Klanderia,Prostanthera monticola,33,birds,14,bird,birds
Prostanthera,monticola,2008-12-03T00:00:00Z,Trevor Wilson,Crystal Brook Falls,1899-12-31T06:00:00Z,10,183,1830,NA,1,NA,Klanderia,Klanderia,Prostanthera monticola,34,birds,4,bird,birds
Prostanthera,monticola,2008-12-04T00:00:00Z,Barry Conn,Mahomets Tomb,1899-12-31T12:00:00Z,10,760,7600,NA,3,NA,Klanderia,Klanderia,Prostanthera monticola,35,birds,105,bird,birds
Prostanthera,monticola,2008-12-04T00:00:00Z,Barry Conn,Mahomets Tomb,1899-12-31T15:00:00Z,10,760,7600,NA,4,NA,Klanderia,Klanderia,Prostanthera monticola,36,birds,8,bird,birds
Prostanthera,monticola,2008-12-04T00:00:00Z,Trevor Wilson,Mahomets Tomb,1899-12-31T15:00:00Z,5,236,1180,NA,4,NA,Klanderia,Klanderia,Prostanthera monticola,37,birds,2,bird,birds
Prostanthera,monticola,2008-12-04T00:00:00Z,Trevor Wilson,Mahomets Tomb,1899-12-31T18:00:00Z,5,236,1180,NA,5,NA,Klanderia,Klanderia,Prostanthera monticola,38,birds,6,bird,birds
Prostanthera,monticola,2008-12-05T00:00:00Z,Barry Conn,Mahomets Tomb,1899-12-31T06:00:00Z,10,760,7600,NA,1,NA,Klanderia,Klanderia,Prostanthera monticola,39,birds,10,bird,birds
Prostanthera,monticola,2008-12-05T00:00:00Z,Barry Conn,Mahomets Tomb,1899-12-31T09:00:00Z,10,760,7600,NA,2,NA,Klanderia,Klanderia,Prostanthera monticola,40,birds,4,bird,birds
Prostanthera,monticola,2008-12-05T00:00:00Z,Barry Conn,Oval,1899-12-31T15:00:00Z,10,30,300,NA,4,NA,Klanderia,Klanderia,Prostanthera monticola,41,birds,3,bird,birds
Prostanthera,monticola,2008-12-05T00:00:00Z,Barry Conn,Oval,1899-12-31T18:00:00Z,10,30,300,NA,5,NA,Klanderia,Klanderia,Prostanthera monticola,42,birds,14,bird,birds
Prostanthera,monticola,2008-12-05T00:00:00Z,Trevor Wilson,Mahomets Tomb,1899-12-31T06:00:00Z,5,236,1180,NA,1,NA,Klanderia,Klanderia,Prostanthera monticola,43,birds,8,bird,birds
Prostanthera,monticola,2008-12-05T00:00:00Z,Trevor Wilson,Mahomets Tomb,1899-12-31T09:00:00Z,5,236,1180,NA,2,NA,Klanderia,Klanderia,Prostanthera monticola,44,birds,2,bird,birds
Prostanthera,monticola,2008-12-05T00:00:00Z,Trevor Wilson,Oval,1899-12-31T12:00:00Z,8,33,264,NA,3,NA,Klanderia,Klanderia,Prostanthera monticola,45,birds,8,bird,birds
Prostanthera,monticola,2008-12-05T00:00:00Z,Trevor Wilson,Oval,1899-12-31T15:00:00Z,8,33,264,NA,4,NA,Klanderia,Klanderia,Prostanthera monticola,46,birds,17,bird,birds
Prostanthera,monticola,2008-12-05T00:00:00Z,Trevor Wilson,Oval,1899-12-31T18:00:00Z,8,33,264,NA,5,NA,Klanderia,Klanderia,Prostanthera monticola,47,birds,13,bird,birds
Prostanthera,monticola,2008-12-06T00:00:00Z,Barry Conn,Oval,1899-12-31T06:00:00Z,10,30,300,NA,1,NA,Klanderia,Klanderia,Prostanthera monticola,48,birds,11,bird,birds
Prostanthera,monticola,2008-12-06T00:00:00Z,Barry Conn,Oval,1899-12-31T09:00:00Z,10,30,300,NA,2,NA,Klanderia,Klanderia,Prostanthera monticola,49,birds,8,bird,birds
Prostanthera,monticola,2008-12-06T00:00:00Z,Trevor Wilson,Oval,1899-12-31T06:00:00Z,8,33,264,NA,1,NA,Klanderia,Klanderia,Prostanthera monticola,50,birds,19,bird,birds
Prostanthera,monticola,2008-12-06T00:00:00Z,Trevor Wilson,Oval,1899-12-31T09:00:00Z,8,33,264,NA,2,NA,Klanderia,Klanderia,Prostanthera monticola,51,birds,8,bird,birds
Prostanthera,monticola,2009-02-17T00:00:00Z,Trevor Wilson,Mahomets Tomb,1899-12-31T18:00:00Z,5,72,360,NA,5,NA,Klanderia,Klanderia,Prostanthera monticola,52,birds,30,bird,birds
Prostanthera,monticola,2009-02-18T00:00:00Z,Trevor Wilson,Mahomets Tomb,1899-12-31T06:00:00Z,5,72,360,NA,1,NA,Klanderia,Klanderia,Prostanthera monticola,53,birds,21,bird,birds
Prostanthera,monticola,2009-02-18T00:00:00Z,Trevor Wilson,Mahomets Tomb,1899-12-31T09:00:00Z,5,72,360,NA,2,NA,Klanderia,Klanderia,Prostanthera monticola,54,birds,13,bird,birds
Prostanthera,monticola,2009-02-18T00:00:00Z,Trevor Wilson,Mahomets Tomb,1899-12-31T12:00:00Z,5,72,360,NA,3,NA,Klanderia,Klanderia,Prostanthera monticola,55,birds,7,bird,birds small_hymenoptera
Prostanthera,monticola,2009-02-18T00:00:00Z,Trevor Wilson,Mahomets Tomb,1899-12-31T14:00:00Z,10,72,720,NA,4,NA,Klanderia,Klanderia,Prostanthera monticola,56,birds,3,bird,birds small_hymenoptera large_hymenoptera
Prostanthera,monticola,2009-02-18T00:00:00Z,Trevor Wilson,Mahomets Tomb,1899-12-31T15:00:00Z,10,72,720,NA,4,NA,Klanderia,Klanderia,Prostanthera monticola,57,birds,12,bird,birds small_hymenoptera large_hymenoptera
Prostanthera,ringens,2008-12-17T00:00:00Z,Lauren Taylor,Pantons Lookout,1899-12-31T18:00:00Z,200,100,20000,NA,5,NA,Klanderia,Klanderia,Prostanthera ringens,58,apis_mellifera,26,bee,apis_mellifera birds
Prostanthera,ringens,2008-12-18T00:00:00Z,Lauren Taylor,Pantons Lookout,1899-12-31T06:00:00Z,200,100,20000,NA,1,NA,Klanderia,Klanderia,Prostanthera ringens,59,apis_mellifera,7,bee,apis_mellifera birds
Prostanthera,ringens,2008-12-18T00:00:00Z,Lauren Taylor,Pantons Lookout,1899-12-31T09:00:00Z,200,100,20000,NA,2,NA,Klanderia,Klanderia,Prostanthera ringens,60,apis_mellifera,19,bee,apis_mellifera
Prostanthera,ringens,2008-12-18T00:00:00Z,Lauren Taylor,Pantons Lookout,1899-12-31T12:00:00Z,200,100,20000,NA,3,NA,Klanderia,Klanderia,Prostanthera ringens,61,apis_mellifera,28,bee,apis_mellifera lepidoptera
Prostanthera,ringens,2008-12-18T00:00:00Z,Lauren Taylor,Pantons Lookout,1899-12-31T15:00:00Z,200,100,20000,NA,4,NA,Klanderia,Klanderia,Prostanthera ringens,62,apis_mellifera,23,bee,apis_mellifera birds lepidoptera
Prostanthera,ringens,2008-12-17T00:00:00Z,Trevor Wilson,Pantons Lookout,1899-12-31T12:00:00Z,150,570,85500,NA,3,NA,Klanderia,Klanderia,Prostanthera ringens,63,apis_mellifera,15,bee,apis_mellifera lepidoptera
Prostanthera,ringens,2008-12-17T00:00:00Z,Trevor Wilson,Pantons Lookout,1899-12-31T18:00:00Z,150,570,85500,NA,5,NA,Klanderia,Klanderia,Prostanthera ringens,64,apis_mellifera,35,bee,apis_mellifera birds
Prostanthera,ringens,2008-12-18T00:00:00Z,Trevor Wilson,Pantons Lookout,1899-12-31T06:00:00Z,150,570,85500,NA,1,NA,Klanderia,Klanderia,Prostanthera ringens,65,apis_mellifera,6,bee,apis_mellifera birds
Prostanthera,ringens,2008-12-18T00:00:00Z,Trevor Wilson,Pantons Lookout,1899-12-31T09:00:00Z,150,570,85500,NA,2,NA,Klanderia,Klanderia,Prostanthera ringens,66,apis_mellifera,3,bee,apis_mellifera birds
Prostanthera,ringens,2008-12-18T00:00:00Z,Trevor Wilson,Pantons Lookout,1899-12-31T14:00:00Z,150,570,85500,NA,4,NA,Klanderia,Klanderia,Prostanthera ringens,67,apis_mellifera,11,bee,apis_mellifera lepidoptera
Prostanthera,porcata,2008-11-27T00:00:00Z,Barry Conn,Buddawang NP,1899-12-31T18:10:00Z,28,27,756,NA,5,2,Klanderia,Klanderia,Prostanthera porcata,68,birds,2,bird,birds
Prostanthera,porcata,2008-11-28T00:00:00Z,Barry Conn,Buddawang NP,1899-12-31T06:20:00Z,28,27,756,NA,1,4,Klanderia,Klanderia,Prostanthera porcata,69,birds,4,bird,birds
Prostanthera,porcata,2008-11-28T00:00:00Z,Barry Conn,Buddawang NP,1899-12-31T09:30:00Z,28,27,756,NA,2,1,Klanderia,Klanderia,Prostanthera porcata,70,birds,1,bird,birds
Prostanthera,porcata,2008-11-28T00:00:00Z,Barry Conn,Buddawang NP,1899-12-31T12:00:00Z,28,27,756,NA,3,3,Klanderia,Klanderia,Prostanthera porcata,71,birds,3,bird,birds
Prostanthera,porcata,2008-11-28T00:00:00Z,Trevor Wilson,Buddawang NP,1899-12-31T09:30:00Z,30,8,240,NA,2,5,Klanderia,Klanderia,Prostanthera porcata,72,birds,5,bird,birds
Prostanthera,porcata,2008-11-28T00:00:00Z,Trevor Wilson,Buddawang NP,1899-12-31T12:00:00Z,30,8,240,NA,3,1,Klanderia,Klanderia,Prostanthera porcata,73,birds,1,bird,birds
Prostanthera,porcata,2009-04-07T00:00:00Z,Fran Daniels,Buddawang NP,1899-12-31T09:00:00Z,30,48,1440,NA,2,7,Klanderia,Klanderia,Prostanthera porcata,74,birds,7,bird,birds
Prostanthera,porcata,2009-04-07T00:00:00Z,Fran Daniels,Buddawang NP,1899-12-31T12:00:00Z,30,48,1440,NA,3,15,Klanderia,Klanderia,Prostanthera porcata,75,birds,15,bird,birds
Prostanthera,porcata,2009-04-07T00:00:00Z,Fran Daniels,Buddawang NP,1899-12-31T15:00:00Z,30,48,1440,NA,4,6,Klanderia,Klanderia,Prostanthera porcata,76,birds,6,bird,birds
Prostanthera,porcata,2009-04-07T00:00:00Z,Trevor Wilson,Buddawang NP,1899-12-31T09:00:00Z,30,21,630,NA,2,2,Klanderia,Klanderia,Prostanthera porcata,77,birds,2,bird,birds
Prostanthera,porcata,2009-04-07T00:00:00Z,Trevor Wilson,Buddawang NP,1899-12-31T12:00:00Z,30,21,630,NA,3,4,Klanderia,Klanderia,Prostanthera porcata,78,birds,4,bird,birds
Prostanthera,porcata,2009-04-07T00:00:00Z,Trevor Wilson,Buddawang NP,1899-12-31T15:00:00Z,30,21,630,NA,4,3,Klanderia,Klanderia,Prostanthera porcata,79,birds,3,bird,birds
Prostanthera,porcata,2009-04-08T00:00:00Z,Trevor Wilson,Buddawang NP,1899-12-31T06:10:00Z,30,21,630,NA,1,2,Klanderia,Klanderia,Prostanthera porcata,80,birds,2,bird,birds
Prostanthera,serpyllifolia,2008-10-19T00:00:00Z,Robin McAlpine,Pulletop NR,1899-12-31T06:30:00Z,2.6666666666666665,15,15,NA,1,NA,Klanderia,Klanderia,Prostanthera serpyllifolia,81,birds,2,bird,birds
Prostanthera,serpyllifolia,2008-10-19T00:00:00Z,Trevor Wilson,Pulletop NR,1899-12-31T06:30:00Z,5,20,20,NA,1,NA,Klanderia,Klanderia,Prostanthera serpyllifolia,82,birds,2,bird,birds
Prostanthera,saxicola,2008-11-19T00:00:00Z,Trevor Wilson,Mt Wilson turnoff,1899-12-31T06:00:00Z,1,204,204,NA,1,NA,Prostanthera,Prostanthera Group 1,Prostanthera saxicola,83,formidae,1,ant,formidae
Prostanthera,saxicola,2008-11-19T00:00:00Z,Trevor Wilson,Mt Wilson turnoff,1899-12-31T09:00:00Z,1,204,204,NA,2,NA,Prostanthera,Prostanthera Group 1,Prostanthera saxicola,84,apis_mellifera,5,bee,apis_mellifera
Prostanthera,saxicola,2008-11-19T00:00:00Z,Trevor Wilson,Mt Wilson turnoff,1899-12-31T14:20:00Z,1,204,204,NA,3,NA,Prostanthera,Prostanthera Group 1,Prostanthera saxicola,85,apis_mellifera,2,bee,apis_mellifera small_diptera
Prostanthera,saxicola,2008-11-19T00:00:00Z,Trevor Wilson,Mt Wilson turnoff,1899-12-31T15:00:00Z,1,204,204,NA,4,NA,Prostanthera,Prostanthera Group 1,Prostanthera saxicola,86,formidae,2,ant,formidae small_diptera
Prostanthera,saxicola,2008-11-20T00:00:00Z,Trevor Wilson,Mt Wilson turnoff,1899-12-31T09:20:00Z,1,204,204,NA,2,NA,Prostanthera,Prostanthera Group 1,Prostanthera saxicola,87,formidae,1,ant,formidae
Prostanthera,linearis,2008-11-04T00:00:00Z,Warrah Trig,Anja Klingenbock,1899-12-31T13:00:00Z,1,450,450,NA,3,NA,Prostanthera,Prostanthera Group 1,Prostanthera linearis,88,apis_mellifera,2,bee,apis_mellifera syrphidae
Prostanthera,linearis,2008-11-04T00:00:00Z,Warrah Trig,Anja Klingenbock,1899-12-31T15:00:00Z,1,450,450,NA,4,NA,Prostanthera,Prostanthera Group 1,Prostanthera linearis,89,syrphidae,2,X_syrphidae,syrphidae
Prostanthera,linearis,2008-11-05T00:00:00Z,Warrah Trig,Anja Klingenbock,1899-12-31T06:00:00Z,1,450,450,NA,1,NA,Prostanthera,Prostanthera Group 1,Prostanthera linearis,90,syrphidae,2,X_syrphidae,syrphidae
Prostanthera,linearis,2008-11-05T00:00:00Z,Warrah Trig,Anja Klingenbock,1899-12-31T09:00:00Z,1,450,450,NA,2,NA,Prostanthera,Prostanthera Group 1,Prostanthera linearis,91,syrphidae,5,X_syrphidae,syrphidae
Prostanthera,linearis,2008-11-05T00:00:00Z,Warrah Trig,Trevor Wilson,1899-12-31T09:00:00Z,1,66,66,NA,2,NA,Prostanthera,Prostanthera Group 1,Prostanthera linearis,92,syrphidae,2,X_syrphidae,syrphidae
Prostanthera,linearis,2008-11-05T00:00:00Z,Arboretum,Anja Klingenbock,1899-12-31T12:00:00Z,1,328,328,NA,3,NA,Prostanthera,Prostanthera Group 1,Prostanthera linearis,93,apis_mellifera,2,bee,apis_mellifera small_hymenoptera syrphidae
Prostanthera,linearis,2008-11-05T00:00:00Z,Arboretum,Anja Klingenbock,1899-12-31T15:00:00Z,1,328,328,NA,4,NA,Prostanthera,Prostanthera Group 1,Prostanthera linearis,94,small_hymenoptera,10,bee,small_hymenoptera syrphidae
Prostanthera,linearis,2008-11-05T00:00:00Z,Arboretum,Trevor Wilson,1899-12-31T12:00:00Z,1,1008,1008,NA,3,NA,Prostanthera,Prostanthera Group 1,Prostanthera linearis,95,apis_mellifera,15,bee,apis_mellifera small_hymenoptera syrphidae
Prostanthera,linearis,2008-11-05T00:00:00Z,Arboretum,Trevor Wilson,1899-12-31T15:00:00Z,1,1008,1008,NA,4,NA,Prostanthera,Prostanthera Group 1,Prostanthera linearis,96,apis_mellifera,15,bee,apis_mellifera large_diptera
Prostanthera,linearis,2008-11-06T00:00:00Z,Arboretum,Anja Klingenbock,1899-12-31T09:00:00Z,1,328,328,NA,2,NA,Prostanthera,Prostanthera Group 1,Prostanthera linearis,97,small_hymenoptera,67,bee,small_hymenoptera syrphidae
Prostanthera,linearis,2008-11-06T00:00:00Z,Arboretum,Trevor Wilson,1899-12-31T06:00:00Z,1,1008,1008,NA,1,NA,Prostanthera,Prostanthera Group 1,Prostanthera linearis,98,syrphidae,2,X_syrphidae,syrphidae
Prostanthera,linearis,2008-11-06T00:00:00Z,Arboretum,Trevor Wilson,1899-12-31T09:00:00Z,1,1008,1008,NA,2,NA,Prostanthera,Prostanthera Group 1,Prostanthera linearis,99,apis_mellifera,12,bee,apis_mellifera cetoniinae lepidoptera small_hymenoptera small_coleoptera small_diptera large_coleoptera syrphidae
Prostanthera,linearis,2008-11-06T00:00:00Z,Masline Estate,Trevor Wilson,1899-12-31T15:00:00Z,1,2800,2800,NA,4,NA,Prostanthera,Prostanthera Group 1,Prostanthera linearis,100,apis_mellifera,4,bee,apis_mellifera small_hymenoptera
Prostanthera,linearis,2008-11-07T00:00:00Z,Masline Estate,Trevor Wilson,1899-12-31T12:00:00Z,1,2800,2800,NA,3,NA,Prostanthera,Prostanthera Group 1,Prostanthera linearis,101,apis_mellifera,6,bee,apis_mellifera small_hymenoptera
Prostanthera,linearis,2008-11-07T00:00:00Z,Masline Estate,Trevor Wilson,1899-12-31T09:00:00Z,1,2800,2800,NA,2,NA,Prostanthera,Prostanthera Group 1,Prostanthera linearis,102,apis_mellifera,4,bee,apis_mellifera small_hymenoptera syrphidae
Prostanthera,lasianthos,2007-12-19T00:00:00Z,Trevor Wilson,Mount Tomah,1899-12-31T08:00:00Z,1,209736,209736,NA,2,NA,Prostanthera,Prostanthera Group 1,Prostanthera lasianthos,103,cetoniinae,8,beetle,cetoniinae small_coleoptera
Prostanthera,lasianthos,2007-12-18T00:00:00Z,Trevor Wilson,Mount Tomah,1899-12-31T09:55:00Z,1,209736,209736,NA,2,NA,Prostanthera,Prostanthera Group 1,Prostanthera lasianthos,104,lepidoptera,2,butterfly,lepidoptera
Prostanthera,lasianthos,2007-12-19T00:00:00Z,Trevor Wilson,Mount Tomah,1899-12-31T10:20:00Z,1,209736,209736,NA,2,NA,Prostanthera,Prostanthera Group 1,Prostanthera lasianthos,105,apis_mellifera,33,bee,apis_mellifera cetoniinae formidae large_diptera small_coleoptera
Prostanthera,lasianthos,2007-12-19T00:00:00Z,Trevor Wilson,Mount Tomah,1899-12-31T13:15:00Z,1,209736,209736,NA,3,NA,Prostanthera,Prostanthera Group 1,Prostanthera lasianthos,106,apis_mellifera,59,bee,apis_mellifera cetoniinae large_diptera lepidoptera small_hymenoptera small_coleoptera small_diptera syrphidae
Prostanthera,lasianthos,2007-12-19T00:00:00Z,Trevor Wilson,Mount Tomah,1899-12-31T17:25:00Z,1,209736,209736,NA,4,NA,Prostanthera,Prostanthera Group 1,Prostanthera lasianthos,107,small_coleoptera,7,beetle,small_coleoptera
Prostanthera,lasianthos,2008-01-05T00:00:00Z,Emma McIntosh,Old Bells line of Road Site 1,1899-12-31T09:20:00Z,1,27376,27376,NA,2,NA,Prostanthera,Prostanthera Group 1,Prostanthera lasianthos,108,birds,8,bird,birds cetoniinae small_coleoptera
Prostanthera,lasianthos,2008-01-05T00:00:00Z,Emma McIntosh,Old Bells line of Road Site 1,1899-12-31T11:30:00Z,1,27376,27376,NA,3,NA,Prostanthera,Prostanthera Group 1,Prostanthera lasianthos,109,birds,6,bird,birds cetoniinae large_diptera small_coleoptera
Prostanthera,lasianthos,2008-01-05T00:00:00Z,Emma McIntosh,Old Bells line of Road Site 1,1899-12-31T14:00:00Z,1,27376,27376,NA,4,NA,Prostanthera,Prostanthera Group 1,Prostanthera lasianthos,110,birds,9,bird,birds cetoniinae large_diptera small_diptera
Prostanthera,lasianthos,2008-01-05T00:00:00Z,Emma McIntosh,Old Bells line of Road Site 1,1899-12-31T16:30:00Z,1,27376,27376,NA,5,NA,Prostanthera,Prostanthera Group 1,Prostanthera lasianthos,111,birds,12,bird,birds cetoniinae large_diptera
Prostanthera,lasianthos,2008-01-05T00:00:00Z,Emma McIntosh,Old Bells line of Road Site 1,1899-12-31T19:40:00Z,1,27376,27376,NA,5,NA,Prostanthera,Prostanthera Group 1,Prostanthera lasianthos,112,birds,2,bird,birds cetoniinae
Prostanthera,lasianthos,2008-01-05T00:00:00Z,Trevor Wilson,Old Bells line of Road Site 1,1899-12-31T09:20:00Z,1,18763,18763,NA,2,NA,Prostanthera,Prostanthera Group 1,Prostanthera lasianthos,113,apis_mellifera,2,bee,apis_mellifera birds cetoniinae hemiptera small_coleoptera
Prostanthera,lasianthos,2008-01-05T00:00:00Z,Trevor Wilson,Old Bells line of Road Site 1,1899-12-31T11:30:00Z,1,18763,18763,NA,3,NA,Prostanthera,Prostanthera Group 1,Prostanthera lasianthos,114,birds,10,bird,birds cetoniinae small_diptera
Prostanthera,lasianthos,2008-01-05T00:00:00Z,Trevor Wilson,Old Bells line of Road Site 1,1899-12-31T14:00:00Z,1,18763,18763,NA,4,NA,Prostanthera,Prostanthera Group 1,Prostanthera lasianthos,115,birds,15,bird,birds cetoniinae
Prostanthera,lasianthos,2008-01-05T00:00:00Z,Trevor Wilson,Old Bells line of Road Site 1,1899-12-31T16:30:00Z,1,18763,18763,NA,5,NA,Prostanthera,Prostanthera Group 1,Prostanthera lasianthos,116,birds,6,bird,birds cetoniinae
Prostanthera,lasianthos,2008-01-05T00:00:00Z,Trevor Wilson,Old Bells line of Road Site 1,1899-12-31T19:40:00Z,1,18763,18763,NA,5,NA,Prostanthera,Prostanthera Group 1,Prostanthera lasianthos,117,birds,6,bird,birds cetoniinae
Prostanthera,lasianthos,2008-01-06T00:00:00Z,Emma McIntosh,Old Bells line of Road Site 1,1899-12-31T06:00:00Z,1,27376,27376,NA,1,NA,Prostanthera,Prostanthera Group 1,Prostanthera lasianthos,118,birds,31,bird,birds cetoniinae lepidoptera
Prostanthera,lasianthos,2008-01-06T00:00:00Z,Trevor Wilson,Old Bells line of Road Site 1,1899-12-31T06:00:00Z,1,18763,18763,NA,1,NA,Prostanthera,Prostanthera Group 1,Prostanthera lasianthos,119,apis_mellifera,2,bee,apis_mellifera birds cetoniinae
Prostanthera,lasianthos,2008-01-04T00:00:00Z,Trevor Wilson & Emma McIntosh,Skyline Road Site 1,1899-12-31T06:00:00Z,1,8786,8786,NA,1,NA,Prostanthera,Prostanthera Group 1,Prostanthera lasianthos,120,cetoniinae,4,beetle,cetoniinae
Prostanthera,lasianthos,2008-01-04T00:00:00Z,Trevor Wilson & Emma McIntosh,Skyline Road Site 1,1899-12-31T09:10:00Z,1,8786,8786,NA,2,NA,Prostanthera,Prostanthera Group 1,Prostanthera lasianthos,121,formidae,1,ant,formidae hemiptera small_hymenoptera large_coleoptera
Prostanthera,lasianthos,2008-01-04T00:00:00Z,Trevor Wilson & Emma McIntosh,Skyline Road Site 1,1899-12-31T09:00:00Z,1,8786,8786,NA,2,NA,Prostanthera,Prostanthera Group 1,Prostanthera lasianthos,122,birds,5,bird,birds cetoniinae small_coleoptera
Prostanthera,lasianthos,2008-01-04T00:00:00Z,Trevor Wilson,Skyline Road Site 1,1899-12-31T11:40:00Z,1,8786,8786,NA,3,NA,Prostanthera,Prostanthera Group 1,Prostanthera lasianthos,123,apis_mellifera,20,bee,apis_mellifera birds small_diptera
Prostanthera,lasianthos,2008-01-04T00:00:00Z,Emma McIntosh,Skyline Road,1899-12-31T11:40:00Z,1,7439,7439,NA,3,NA,Prostanthera,Prostanthera Group 1,Prostanthera lasianthos,124,apis_mellifera,78,bee,apis_mellifera birds cetoniinae large_diptera lepidoptera
Prostanthera,lasianthos,2008-01-04T00:00:00Z,Trevor Wilson,Skyline Road Site 1,1899-12-31T14:30:00Z,1,8786,8786,NA,4,NA,Prostanthera,Prostanthera Group 1,Prostanthera lasianthos,125,apis_mellifera,36,bee,apis_mellifera birds cetoniinae large_diptera lepidoptera small_hymenoptera
Prostanthera,lasianthos,2008-01-04T00:00:00Z,Emma McIntosh,Skyline Road,1899-12-31T14:30:00Z,1,7439,7439,NA,4,NA,Prostanthera,Prostanthera Group 1,Prostanthera lasianthos,126,apis_mellifera,106,bee,apis_mellifera cetoniinae large_diptera lepidoptera small_hymenoptera
Prostanthera,lasianthos,2008-01-04T00:00:00Z,Emma McIntosh,Skyline Road,1899-12-31T18:30:00Z,1,7439,7439,NA,5,NA,Prostanthera,Prostanthera Group 1,Prostanthera lasianthos,127,formidae,3,ant,formidae large_diptera small_coleoptera large_coleoptera
Prostanthera,lasianthos,2008-01-04T00:00:00Z,Trevor Wilson,Skyline Road Site 1,1899-12-31T18:30:00Z,1,8786,8786,NA,5,NA,Prostanthera,Prostanthera Group 1,Prostanthera lasianthos,128,apis_mellifera,6,bee,apis_mellifera cetoniinae formidae hemiptera small_coleoptera
Prostanthera,lasianthos,2008-01-25T00:00:00Z,Trevor Wilson,Skyline,1899-12-31T06:00:00Z,1,330,330,NA,1,NA,Prostanthera,Prostanthera Group 1,Prostanthera lasianthos,129,cetoniinae,1,beetle,cetoniinae
Prostanthera,lasianthos,2008-01-25T00:00:00Z,Trevor Wilson,Skyline,1899-12-31T09:10:00Z,1,330,330,NA,2,NA,Prostanthera,Prostanthera Group 1,Prostanthera lasianthos,130,cetoniinae,3,beetle,cetoniinae
Prostanthera,lasianthos,2008-01-25T00:00:00Z,Trevor Wilson,Skyline,1899-12-31T11:45:00Z,1,330,330,NA,3,NA,Prostanthera,Prostanthera Group 1,Prostanthera lasianthos,131,apis_mellifera,2,bee,apis_mellifera cetoniinae
Prostanthera,lasianthos,2008-01-24T00:00:00Z,Trevor Wilson,Skyline,1899-12-31T14:15:00Z,1,4500,4500,NA,4,NA,Prostanthera,Prostanthera Group 1,Prostanthera lasianthos,132,apis_mellifera,6,bee,apis_mellifera cetoniinae large_diptera lepidoptera small_hymenoptera
Prostanthera,lasianthos,2008-01-24T00:00:00Z,Trevor Wilson,Skyline,1899-12-31T15:58:00Z,1,4500,4500,NA,4,NA,Prostanthera,Prostanthera Group 1,Prostanthera lasianthos,133,apis_mellifera,3,bee,apis_mellifera lepidoptera small_hymenoptera
Prostanthera,lasianthos,2008-01-24T00:00:00Z,Trevor Wilson,Skyline,1899-12-31T18:40:00Z,1,4500,4500,NA,5,NA,Prostanthera,Prostanthera Group 1,Prostanthera lasianthos,134,cetoniinae,1,beetle,cetoniinae formidae
Prostanthera,lasianthos,2008-01-29T00:00:00Z,Trevor Wilson,Claustral Canyon,1899-12-31T14:29:00Z,1,4500,4500,NA,4,NA,Prostanthera,Prostanthera Group 1,Prostanthera lasianthos,135,small_hymenoptera,12,bee,small_hymenoptera
Prostanthera,lasianthos,2008-11-29T00:00:00Z,Barry Conn,Eurobin,1899-12-31T15:00:00Z,1,1300,1300,NA,4,NA,Prostanthera,Prostanthera Group 1,Prostanthera lasianthos,136,apis_mellifera,300,bee,apis_mellifera cetoniinae large_diptera lepidoptera small_hymenoptera small_coleoptera large_coleoptera
Prostanthera,lasianthos,2008-11-29T00:00:00Z,Barry Conn,Eurobin,1899-12-31T18:00:00Z,1,1300,1300,NA,5,NA,Prostanthera,Prostanthera Group 1,Prostanthera lasianthos,137,apis_mellifera,30,bee,apis_mellifera large_diptera lepidoptera large_coleoptera
Prostanthera,lasianthos,2008-11-29T00:00:00Z,Trevor Wilson,Eurobin,1899-12-31T15:00:00Z,1,9114,9114,NA,4,NA,Prostanthera,Prostanthera Group 1,Prostanthera lasianthos,138,apis_mellifera,33,bee,apis_mellifera bombylidae cetoniinae large_diptera lepidoptera small_coleoptera small_diptera syrphidae
Prostanthera,lasianthos,2008-11-29T00:00:00Z,Trevor Wilson,Eurobin,1899-12-31T18:00:00Z,1,9114,9114,NA,5,NA,Prostanthera,Prostanthera Group 1,Prostanthera lasianthos,139,apis_mellifera,30,bee,apis_mellifera cetoniinae large_diptera lepidoptera small_coleoptera small_diptera
Prostanthera,lasianthos,2008-11-30T00:00:00Z,Barry Conn,Eurobin,1899-12-31T09:00:00Z,1,1300,1300,NA,2,NA,Prostanthera,Prostanthera Group 1,Prostanthera lasianthos,140,apis_mellifera,312,bee,apis_mellifera bombylidae large_diptera small_coleoptera large_coleoptera
Prostanthera,lasianthos,2008-11-30T00:00:00Z,Barry Conn,Eurobin,1899-12-31T12:00:00Z,1,1300,1300,NA,3,NA,Prostanthera,Prostanthera Group 1,Prostanthera lasianthos,141,apis_mellifera,24,bee,apis_mellifera bombylidae large_diptera lepidoptera large_coleoptera
Prostanthera,lasianthos,2008-11-30T00:00:00Z,Trevor Wilson,Eurobin,1899-12-31T09:00:00Z,1,9114,9114,NA,2,NA,Prostanthera,Prostanthera Group 1,Prostanthera lasianthos,142,apis_mellifera,6,bee,apis_mellifera cetoniinae large_diptera
Prostanthera,lasianthos,2008-11-30T00:00:00Z,Trevor Wilson,Eurobin,1899-12-31T12:00:00Z,1,9114,9114,NA,3,NA,Prostanthera,Prostanthera Group 1,Prostanthera lasianthos,143,apis_mellifera,30,bee,apis_mellifera large_diptera small_hymenoptera small_diptera
Prostanthera,lasianthos,2009-01-07T00:00:00Z,Trevor Wilson,Mount Tomah,1899-12-31T06:00:00Z,1,65115,65115,NA,1,NA,Prostanthera,Prostanthera Group 1,Prostanthera lasianthos,144,apis_mellifera,90,bee,apis_mellifera lepidoptera
Prostanthera,lasianthos,2009-01-07T00:00:00Z,Trevor Wilson,Mount Tomah,1899-12-31T09:00:00Z,1,65115,65115,NA,2,NA,Prostanthera,Prostanthera Group 1,Prostanthera lasianthos,145,apis_mellifera,116,bee,apis_mellifera cetoniinae lepidoptera small_hymenoptera
Prostanthera,lasianthos,2009-01-06T00:00:00Z,Trevor Wilson,Mount Tomah,1899-12-31T12:00:00Z,1,65115,65115,NA,3,NA,Prostanthera,Prostanthera Group 1,Prostanthera lasianthos,146,apis_mellifera,90,bee,apis_mellifera lepidoptera small_hymenoptera
Prostanthera,lasianthos,2009-01-06T00:00:00Z,Trevor Wilson,Mount Tomah,1899-12-31T15:00:00Z,1,65115,65115,NA,4,NA,Prostanthera,Prostanthera Group 1,Prostanthera lasianthos,147,apis_mellifera,99,bee,apis_mellifera cetoniinae small_hymenoptera
Prostanthera,lasianthos,2009-01-06T00:00:00Z,Trevor Wilson,Mount Tomah,1899-12-31T18:00:00Z,1,65115,65115,NA,5,NA,Prostanthera,Prostanthera Group 1,Prostanthera lasianthos,148,apis_mellifera,174,bee,apis_mellifera cetoniinae lepidoptera small_hymenoptera
Prostanthera,lasianthos,2009-01-07T00:00:00Z,Moira Williams,Skyline,1899-12-31T12:00:00Z,1,1140,1140,NA,3,NA,Prostanthera,Prostanthera Group 1,Prostanthera lasianthos,149,apis_mellifera,121,bee,apis_mellifera cetoniinae lepidoptera large_coleoptera syrphidae
Prostanthera,lasianthos,2009-01-07T00:00:00Z,Moira Williams,Skyline,1899-12-31T15:00:00Z,1,1140,1140,NA,4,NA,Prostanthera,Prostanthera Group 1,Prostanthera lasianthos,150,apis_mellifera,125,bee,apis_mellifera cetoniinae lepidoptera syrphidae
Prostanthera,lasianthos,2009-01-07T00:00:00Z,Moira Williams,Skyline,1899-12-31T18:00:00Z,1,1140,1140,NA,5,NA,Prostanthera,Prostanthera Group 1,Prostanthera lasianthos,151,apis_mellifera,34,bee,apis_mellifera large_coleoptera
Prostanthera,lasianthos,2009-01-07T00:00:00Z,Trevor Wilson,Skyline,1899-12-31T12:00:00Z,1,663,663,NA,3,NA,Prostanthera,Prostanthera Group 1,Prostanthera lasianthos,152,apis_mellifera,34,bee,apis_mellifera cetoniinae lepidoptera small_hymenoptera
Prostanthera,lasianthos,2009-01-07T00:00:00Z,Trevor Wilson,Skyline,1899-12-31T15:00:00Z,1,663,663,NA,4,NA,Prostanthera,Prostanthera Group 1,Prostanthera lasianthos,153,apis_mellifera,27,bee,apis_mellifera cetoniinae small_hymenoptera
Prostanthera,lasianthos,2009-01-07T00:00:00Z,Trevor Wilson,Skyline,1899-12-31T18:00:00Z,1,663,663,NA,5,NA,Prostanthera,Prostanthera Group 1,Prostanthera lasianthos,154,apis_mellifera,3,bee,apis_mellifera
Prostanthera,lasianthos,2009-01-08T00:00:00Z,Moira Williams,old bells,1899-12-31T12:00:00Z,1,5145,5145,NA,3,NA,Prostanthera,Prostanthera Group 1,Prostanthera lasianthos,155,cetoniinae,6,beetle,cetoniinae large_diptera
Prostanthera,lasianthos,2009-01-08T00:00:00Z,Moira Williams,old bells,1899-12-31T15:00:00Z,1,5145,5145,NA,4,NA,Prostanthera,Prostanthera Group 1,Prostanthera lasianthos,156,cetoniinae,6,beetle,cetoniinae large_diptera
Prostanthera,lasianthos,2009-01-08T00:00:00Z,Moira Williams,old bells,1899-12-31T18:00:00Z,1,5145,5145,NA,5,NA,Prostanthera,Prostanthera Group 1,Prostanthera lasianthos,157,cetoniinae,6,beetle,cetoniinae large_diptera
Prostanthera,lasianthos,2009-01-08T00:00:00Z,Moira Williams,Skyline,1899-12-31T06:00:00Z,1,1140,1140,NA,1,NA,Prostanthera,Prostanthera Group 1,Prostanthera lasianthos,158,apis_mellifera,88,bee,apis_mellifera
Prostanthera,lasianthos,2009-01-08T00:00:00Z,Moira Williams,Skyline,1899-12-31T09:00:00Z,1,1140,1140,NA,2,NA,Prostanthera,Prostanthera Group 1,Prostanthera lasianthos,159,small_diptera,3,fly,small_diptera large_coleoptera
Prostanthera,lasianthos,2009-01-08T00:00:00Z,Trevor Wilson,old bells,1899-12-31T12:00:00Z,1,686,686,NA,3,NA,Prostanthera,Prostanthera Group 1,Prostanthera lasianthos,160,birds,4,bird,birds cetoniinae
Prostanthera,lasianthos,2009-01-08T00:00:00Z,Trevor Wilson,old bells,1899-12-31T15:00:00Z,1,686,686,NA,4,NA,Prostanthera,Prostanthera Group 1,Prostanthera lasianthos,161,cetoniinae,6,beetle,cetoniinae
Prostanthera,lasianthos,2009-01-08T00:00:00Z,Trevor Wilson,old bells,1899-12-31T18:00:00Z,1,686,686,NA,5,NA,Prostanthera,Prostanthera Group 1,Prostanthera lasianthos,162,cetoniinae,6,beetle,cetoniinae
Prostanthera,lasianthos,2009-01-08T00:00:00Z,Trevor Wilson,Skyline,1899-12-31T06:00:00Z,1,663,663,NA,1,NA,Prostanthera,Prostanthera Group 1,Prostanthera lasianthos,163,apis_mellifera,23,bee,apis_mellifera birds
Prostanthera,lasianthos,2009-01-08T00:00:00Z,Trevor Wilson,Skyline,1899-12-31T09:00:00Z,1,663,663,NA,2,NA,Prostanthera,Prostanthera Group 1,Prostanthera lasianthos,164,birds,3,bird,birds
Prostanthera,lasianthos,2009-01-09T00:00:00Z,Moira Williams,old bells,1899-12-31T06:00:00Z,1,5145,5145,NA,1,NA,Prostanthera,Prostanthera Group 1,Prostanthera lasianthos,165,cetoniinae,3,beetle,cetoniinae large_diptera
Prostanthera,lasianthos,2009-01-09T00:00:00Z,Moira Williams,old bells,1899-12-31T09:00:00Z,1,5145,5145,NA,2,NA,Prostanthera,Prostanthera Group 1,Prostanthera lasianthos,166,cetoniinae,2,beetle,cetoniinae large_diptera
Prostanthera,lasianthos,2009-01-09T00:00:00Z,Trevor Wilson,old bells,1899-12-31T06:00:00Z,1,686,686,NA,1,NA,Prostanthera,Prostanthera Group 1,Prostanthera lasianthos,167,birds,2,bird,birds cetoniinae
Prostanthera,lasianthos,2009-01-09T00:00:00Z,Trevor Wilson,old bells,1899-12-31T09:00:00Z,1,686,686,NA,2,NA,Prostanthera,Prostanthera Group 1,Prostanthera lasianthos,168,cetoniinae,5,beetle,cetoniinae
Prostanthera,nivea,2008-12-16T00:00:00Z,Lindsay Rock Tops,Lauren Taylor,1899-12-31T12:00:00Z,1,396,396,NA,3,NA,Prostanthera,Prostanthera Group 1,Prostanthera nivea,169,apis_mellifera,14,bee,apis_mellifera formidae small_hymenoptera large_coleoptera syrphidae
Prostanthera,nivea,2008-12-16T00:00:00Z,Lindsay Rock Tops,Lauren Taylor,1899-12-31T15:00:00Z,1,396,396,NA,4,NA,Prostanthera,Prostanthera Group 1,Prostanthera nivea,170,apis_mellifera,2,bee,apis_mellifera small_hymenoptera syrphidae
Prostanthera,nivea,2008-12-16T00:00:00Z,Lindsay Rock Tops,Lauren Taylor,1899-12-31T18:00:00Z,1,396,396,NA,5,NA,Prostanthera,Prostanthera Group 1,Prostanthera nivea,171,apis_mellifera,6,bee,apis_mellifera
Prostanthera,nivea,2008-12-16T00:00:00Z,Lindsay Rock Tops,Trevor Wilson,1899-12-31T12:00:00Z,1,396,396,NA,3,NA,Prostanthera,Prostanthera Group 1,Prostanthera nivea,172,apis_mellifera,60,bee,apis_mellifera cetoniinae lepidoptera small_hymenoptera
Prostanthera,nivea,2008-12-16T00:00:00Z,Lindsay Rock Tops,Trevor Wilson,1899-12-31T15:00:00Z,1,396,396,NA,4,NA,Prostanthera,Prostanthera Group 1,Prostanthera nivea,173,apis_mellifera,49,bee,apis_mellifera small_hymenoptera
Prostanthera,nivea,2008-12-16T00:00:00Z,Lindsay Rock Tops,Trevor Wilson,1899-12-31T18:00:00Z,1,396,396,NA,5,NA,Prostanthera,Prostanthera Group 1,Prostanthera nivea,174,apis_mellifera,8,bee,apis_mellifera
Prostanthera,nivea,2008-12-17T00:00:00Z,Lindsay Rock Tops,Lauren Taylor,1899-12-31T06:00:00Z,1,396,396,NA,1,NA,Prostanthera,Prostanthera Group 1,Prostanthera nivea,175,apis_mellifera,6,bee,apis_mellifera
Prostanthera,nivea,2008-12-17T00:00:00Z,Lindsay Rock Tops,Lauren Taylor,1899-12-31T09:00:00Z,1,396,396,NA,2,NA,Prostanthera,Prostanthera Group 1,Prostanthera nivea,176,apis_mellifera,2,bee,apis_mellifera small_hymenoptera
Prostanthera,nivea,2008-12-17T00:00:00Z,Lindsay Rock Tops,Trevor Wilson,1899-12-31T06:00:00Z,1,396,396,NA,1,NA,Prostanthera,Prostanthera Group 1,Prostanthera nivea,177,apis_mellifera,5,bee,apis_mellifera
Prostanthera,nivea,2008-12-17T00:00:00Z,Lindsay Rock Tops,Trevor Wilson,1899-12-31T09:00:00Z,1,396,396,NA,2,NA,Prostanthera,Prostanthera Group 1,Prostanthera nivea,178,apis_mellifera,58,bee,apis_mellifera cetoniinae small_hymenoptera
Prostanthera,Wsenifolia,2008-12-03T00:00:00Z,Barry Conn,Crystal Brook Falls,1899-12-31T12:00:00Z,1,102,102,NA,3,NA,Prostanthera,Westringia,Prostanthera Wsenifolia,179,apis_mellifera,2,bee,apis_mellifera large_diptera lepidoptera
Prostanthera,Wsenifolia,2008-12-03T00:00:00Z,Barry Conn,Crystal Brook Falls,1899-12-31T15:00:00Z,1,102,102,NA,4,NA,Prostanthera,Westringia,Prostanthera Wsenifolia,180,apis_mellifera,2,bee,apis_mellifera large_diptera lepidoptera
Prostanthera,Wsenifolia,2008-12-03T00:00:00Z,Barry Conn,Crystal Brook Falls,1899-12-31T18:00:00Z,1,102,102,NA,5,NA,Prostanthera,Westringia,Prostanthera Wsenifolia,181,apis_mellifera,2,bee,apis_mellifera large_diptera lepidoptera
Prostanthera,Wsenifolia,2008-12-03T00:00:00Z,Trevor Wilson,Crystal Brook Falls,1899-12-31T12:00:00Z,1,192,192,NA,3,NA,Prostanthera,Westringia,Prostanthera Wsenifolia,182,apis_mellifera,5,bee,apis_mellifera large_diptera lepidoptera syrphidae
Prostanthera,Wsenifolia,2008-12-03T00:00:00Z,Trevor Wilson,Crystal Brook Falls,1899-12-31T15:00:00Z,1,192,192,NA,4,NA,Prostanthera,Westringia,Prostanthera Wsenifolia,183,apis_mellifera,2,bee,apis_mellifera large_diptera lepidoptera small_hymenoptera syrphidae
Prostanthera,Wsenifolia,2008-12-03T00:00:00Z,Trevor Wilson,Crystal Brook Falls,1899-12-31T18:00:00Z,1,192,192,NA,5,NA,Prostanthera,Westringia,Prostanthera Wsenifolia,184,large_diptera,2,fly,large_diptera
Prostanthera,Wsenifolia,2008-12-04T00:00:00Z,Barry Conn,Crystal Brook Falls,1899-12-31T09:00:00Z,1,102,102,NA,2,NA,Prostanthera,Westringia,Prostanthera Wsenifolia,185,apis_mellifera,1,bee,apis_mellifera large_diptera lepidoptera
Prostanthera,Wsenifolia,2008-12-04T00:00:00Z,Trevor Wilson,Crystal Brook Falls,1899-12-31T09:00:00Z,1,192,192,NA,2,NA,Prostanthera,Westringia,Prostanthera Wsenifolia,186,apis_mellifera,2,bee,apis_mellifera large_diptera lepidoptera syrphidae
Prostanthera,sieberi,2007-10-15T00:00:00Z,Trevor Wilson,Mt Keira,1899-12-31T06:00:00Z,1,2811,2811,NA,1,NA,Prostanthera,Prostanthera Group 2,Prostanthera sieberi,187,apis_mellifera,6,bee,apis_mellifera syrphidae
Prostanthera,sieberi,2007-10-15T00:00:00Z,Trevor Wilson,Mt Keira,1899-12-31T08:20:00Z,1,2811,2811,NA,2,NA,Prostanthera,Prostanthera Group 2,Prostanthera sieberi,188,apis_mellifera,9,bee,apis_mellifera hemiptera large_diptera small_hymenoptera large_coleoptera
Prostanthera,sieberi,2007-10-15T00:00:00Z,Trevor Wilson,Mt Keira,1899-12-31T11:00:00Z,1,2811,2811,NA,3,NA,Prostanthera,Prostanthera Group 2,Prostanthera sieberi,189,hemiptera,12,X_hemiptera,hemiptera small_hymenoptera large_coleoptera
Prostanthera,sieberi,2007-10-15T00:00:00Z,Trevor Wilson,Mt Keira,1899-12-31T14:00:00Z,1,2811,2811,NA,4,NA,Prostanthera,Prostanthera Group 2,Prostanthera sieberi,190,small_hymenoptera,44,bee,small_hymenoptera small_coleoptera large_coleoptera syrphidae
Prostanthera,sieberi,2007-10-15T00:00:00Z,Trevor Wilson,Mt Keira,1899-12-31T16:40:00Z,1,2811,2811,NA,5,NA,Prostanthera,Prostanthera Group 2,Prostanthera sieberi,191,hemiptera,1,X_hemiptera,hemiptera small_hymenoptera small_coleoptera small_diptera large_coleoptera
Prostanthera,sieberi,2007-12-14T00:00:00Z,Trevor Wilson,Motor Cross population,1899-12-31T08:40:00Z,1,446,446,NA,2,NA,Prostanthera,Prostanthera Group 2,Prostanthera sieberi,192,apis_mellifera,6,bee,apis_mellifera large_diptera small_hymenoptera
Prostanthera,sieberi,2007-12-14T00:00:00Z,Trevor Wilson,Motor Cross population,1899-12-31T11:15:00Z,1,446,446,NA,3,NA,Prostanthera,Prostanthera Group 2,Prostanthera sieberi,193,large_diptera,1,fly,large_diptera small_hymenoptera small_diptera syrphidae
Prostanthera,sieberi,2007-12-14T00:00:00Z,Trevor Wilson,Motor Cross population,1899-12-31T13:30:00Z,1,446,446,NA,4,NA,Prostanthera,Prostanthera Group 2,Prostanthera sieberi,194,formidae,2,ant,formidae large_diptera small_hymenoptera
Prostanthera,sieberi,2007-12-19T00:00:00Z,Trevor Wilson,Royal National Park,1899-12-31T06:00:00Z,1,150,150,NA,1,NA,Prostanthera,Prostanthera Group 2,Prostanthera sieberi,195,formidae,1,ant,formidae
Prostanthera,sieberi,2007-12-19T00:00:00Z,Trevor Wilson,Royal National Park,1899-12-31T08:20:00Z,1,150,150,NA,2,NA,Prostanthera,Prostanthera Group 2,Prostanthera sieberi,196,formidae,1,ant,formidae
Prostanthera,sieberi,2007-12-19T00:00:00Z,Trevor Wilson,Royal National Park,1899-12-31T11:05:00Z,1,150,150,NA,3,NA,Prostanthera,Prostanthera Group 2,Prostanthera sieberi,197,hemiptera,1,X_hemiptera,hemiptera syrphidae
Prostanthera,sieberi,2007-12-19T00:00:00Z,Trevor Wilson,Royal National Park,1899-12-31T13:40:00Z,1,150,150,NA,4,NA,Prostanthera,Prostanthera Group 2,Prostanthera sieberi,198,formidae,2,ant,formidae syrphidae
Prostanthera,sieberi,2007-12-19T00:00:00Z,Trevor Wilson,Royal National Park,1899-12-31T16:35:00Z,1,150,150,NA,5,NA,Prostanthera,Prostanthera Group 2,Prostanthera sieberi,199,hemiptera,1,X_hemiptera,hemiptera
Prostanthera,sieberi,2008-10-09T00:00:00Z,Trevor Wilson,Mt Keira,1899-12-31T11:30:00Z,1,4202,4202,NA,3,NA,Prostanthera,Prostanthera Group 2,Prostanthera sieberi,200,small_diptera,1,fly,small_diptera
Prostanthera,sieberi,2008-10-09T00:00:00Z,Trevor Wilson,Mt Keira,1899-12-31T14:15:00Z,1,4202,4202,NA,4,NA,Prostanthera,Prostanthera Group 2,Prostanthera sieberi,201,syrphidae,5,X_syrphidae,syrphidae
Prostanthera,rotundifolia,2008-12-02T00:00:00Z,Trevor Wilson,Leviathan,1899-12-31T09:00:00Z,1,7754,7754,NA,2,NA,Prostanthera,Prostanthera Group 2,Prostanthera rotundifolia,202,lepidoptera,1,butterfly,lepidoptera
Prostanthera,rotundifolia,2008-12-01T00:00:00Z,Barry Conn,Leviathan,1899-12-31T12:00:00Z,1,6468,6468,NA,3,NA,Prostanthera,Prostanthera Group 2,Prostanthera rotundifolia,203,large_coleoptera,2,beetle,large_coleoptera
Prostanthera,rotundifolia,2008-12-01T00:00:00Z,Trevor Wilson,Leviathan,1899-12-31T12:00:00Z,1,7754,7754,NA,3,NA,Prostanthera,Prostanthera Group 2,Prostanthera rotundifolia,204,large_diptera,1,fly,large_diptera lepidoptera
Prostanthera,rotundifolia,2008-12-01T00:00:00Z,Barry Conn,Leviathan,1899-12-31T15:00:00Z,1,6468,6468,NA,4,NA,Prostanthera,Prostanthera Group 2,Prostanthera rotundifolia,205,large_diptera,4,fly,large_diptera lepidoptera small_diptera
Prostanthera,cruciflora,2008-09-06T00:00:00Z,Jan Allen,Mt Kaputar,1899-12-31T09:30:00Z,1,834,834,NA,2,NA,Prostanthera,Prostanthera Group 2,Prostanthera cruciflora,206,apis_mellifera,4,bee,apis_mellifera small_diptera
Prostanthera,cruciflora,2008-09-06T00:00:00Z,Jan Allen,Mt Kaputar,1899-12-31T12:30:00Z,1,834,834,NA,3,NA,Prostanthera,Prostanthera Group 2,Prostanthera cruciflora,207,apis_mellifera,1,bee,apis_mellifera formidae small_diptera
Prostanthera,cruciflora,2008-09-06T00:00:00Z,Trevor Wilson,Mt Kaputar,1899-12-31T09:30:00Z,1,1760,1760,NA,2,NA,Prostanthera,Prostanthera Group 2,Prostanthera cruciflora,208,large_diptera,1,fly,large_diptera small_diptera
Prostanthera,cruciflora,2008-09-06T00:00:00Z,Trevor Wilson,Mt Kaputar,1899-12-31T12:30:00Z,1,1760,1760,NA,3,NA,Prostanthera,Prostanthera Group 2,Prostanthera cruciflora,209,apis_mellifera,8,bee,apis_mellifera small_diptera
Prostanthera,cruciflora,2008-09-06T00:00:00Z,Trevor Wilson,Mt Kaputar,1899-12-31T17:00:00Z,1,1760,1760,NA,5,NA,Prostanthera,Prostanthera Group 2,Prostanthera cruciflora,210,birds,2,bird,birds small_diptera
Prostanthera,cruciflora,2008-09-21T00:00:00Z,Ido Issler,Mt Kaputar Site 1,1899-12-31T06:30:00Z,1,177,177,NA,1,NA,Prostanthera,Prostanthera Group 2,Prostanthera cruciflora,211,apis_mellifera,58,bee,apis_mellifera small_diptera syrphidae
Prostanthera,cruciflora,2008-09-21T00:00:00Z,Ido Issler,Mt Kaputar Site 1,1899-12-31T09:00:00Z,1,177,177,NA,2,NA,Prostanthera,Prostanthera Group 2,Prostanthera cruciflora,212,apis_mellifera,62,bee,apis_mellifera large_diptera small_diptera large_coleoptera
Prostanthera,cruciflora,2008-09-21T00:00:00Z,Ido Issler,Mt Kaputar Site 1,1899-12-31T12:00:00Z,1,177,177,NA,3,NA,Prostanthera,Prostanthera Group 2,Prostanthera cruciflora,213,apis_mellifera,61,bee,apis_mellifera formidae large_diptera small_diptera large_coleoptera syrphidae
Prostanthera,cruciflora,2008-09-21T00:00:00Z,Ido Issler,Mt Kaputar Site 1,1899-12-31T14:30:00Z,1,177,177,NA,4,NA,Prostanthera,Prostanthera Group 2,Prostanthera cruciflora,214,apis_mellifera,52,bee,apis_mellifera large_coleoptera
Prostanthera,cruciflora,2008-09-21T00:00:00Z,Ido Issler,Mt Kaputar Site 1,1899-12-31T17:00:00Z,1,177,177,NA,5,NA,Prostanthera,Prostanthera Group 2,Prostanthera cruciflora,215,apis_mellifera,34,bee,apis_mellifera large_diptera
Prostanthera,cruciflora,2008-09-21T00:00:00Z,Trevor Wilson,Mt Kaputar Site 1,1899-12-31T06:30:00Z,1,5075,5075,NA,1,NA,Prostanthera,Prostanthera Group 2,Prostanthera cruciflora,216,apis_mellifera,78,bee,apis_mellifera large_diptera lepidoptera small_diptera
Prostanthera,cruciflora,2008-09-21T00:00:00Z,Trevor Wilson,Mt Kaputar Site 1,1899-12-31T09:00:00Z,1,5075,5075,NA,2,NA,Prostanthera,Prostanthera Group 2,Prostanthera cruciflora,217,apis_mellifera,48,bee,apis_mellifera bombylidae small_diptera
Prostanthera,cruciflora,2008-09-21T00:00:00Z,Trevor Wilson,Mt Kaputar Site 1,1899-12-31T12:00:00Z,1,5075,5075,NA,3,NA,Prostanthera,Prostanthera Group 2,Prostanthera cruciflora,218,apis_mellifera,57,bee,apis_mellifera
Prostanthera,cruciflora,2008-09-21T00:00:00Z,Trevor Wilson,Mt Kaputar Site 1,1899-12-31T14:30:00Z,1,5075,5075,NA,4,NA,Prostanthera,Prostanthera Group 2,Prostanthera cruciflora,219,apis_mellifera,81,bee,apis_mellifera bombylidae large_diptera small_hymenoptera small_diptera syrphidae
Prostanthera,cruciflora,2008-09-21T00:00:00Z,Trevor Wilson,Mt Kaputar Site 1,1899-12-31T17:00:00Z,1,5075,5075,NA,5,NA,Prostanthera,Prostanthera Group 2,Prostanthera cruciflora,220,apis_mellifera,27,bee,apis_mellifera bombylidae large_diptera
Prostanthera,cruciflora,2008-09-22T00:00:00Z,Ido Issler,Mt Kaputar,1899-12-31T06:30:00Z,1,3373,3373,NA,1,NA,Prostanthera,Prostanthera Group 2,Prostanthera cruciflora,221,apis_mellifera,75,bee,apis_mellifera large_diptera syrphidae
Prostanthera,cruciflora,2008-09-22T00:00:00Z,Ido Issler,Mt Kaputar,1899-12-31T09:00:00Z,1,3373,3373,NA,2,NA,Prostanthera,Prostanthera Group 2,Prostanthera cruciflora,222,apis_mellifera,67,bee,apis_mellifera large_diptera
Prostanthera,cruciflora,2008-09-22T00:00:00Z,Ido Issler,Mt Kaputar,1899-12-31T12:00:00Z,1,3373,3373,NA,3,NA,Prostanthera,Prostanthera Group 2,Prostanthera cruciflora,223,apis_mellifera,72,bee,apis_mellifera large_diptera syrphidae
Prostanthera,cruciflora,2008-09-22T00:00:00Z,Ido Issler,Mt Kaputar,1899-12-31T14:30:00Z,1,3373,3373,NA,4,NA,Prostanthera,Prostanthera Group 2,Prostanthera cruciflora,224,apis_mellifera,66,bee,apis_mellifera large_diptera syrphidae
Prostanthera,cruciflora,2008-09-22T00:00:00Z,Trevor Wilson,Mt Kaputar,1899-12-31T06:30:00Z,1,3373,3373,NA,1,NA,Prostanthera,Prostanthera Group 2,Prostanthera cruciflora,225,apis_mellifera,39,bee,apis_mellifera large_diptera syrphidae
Prostanthera,cruciflora,2008-09-22T00:00:00Z,Trevor Wilson,Mt Kaputar,1899-12-31T09:00:00Z,1,3373,3373,NA,2,NA,Prostanthera,Prostanthera Group 2,Prostanthera cruciflora,226,apis_mellifera,21,bee,apis_mellifera large_diptera
Prostanthera,cruciflora,2008-09-22T00:00:00Z,Trevor Wilson,Mt Kaputar,1899-12-31T12:00:00Z,1,3373,3373,NA,3,NA,Prostanthera,Prostanthera Group 2,Prostanthera cruciflora,227,apis_mellifera,42,bee,apis_mellifera large_diptera small_hymenoptera
Prostanthera,cruciflora,2008-09-22T00:00:00Z,Trevor Wilson,Mt Kaputar,1899-12-31T14:30:00Z,1,3373,3373,NA,4,NA,Prostanthera,Prostanthera Group 2,Prostanthera cruciflora,228,apis_mellifera,33,bee,apis_mellifera large_diptera
Prostanthera,cruciflora,2008-09-24T00:00:00Z,Ido Issler,Boggabri,1899-12-31T09:30:00Z,1,1900,1900,NA,2,NA,Prostanthera,Prostanthera Group 2,Prostanthera cruciflora,229,apis_mellifera,15,bee,apis_mellifera large_diptera
Prostanthera,cruciflora,2008-09-24T00:00:00Z,Trevor Wilson,Boggabri,1899-12-31T09:30:00Z,1,3024,3024,NA,2,NA,Prostanthera,Prostanthera Group 2,Prostanthera cruciflora,230,apis_mellifera,15,bee,apis_mellifera large_diptera lepidoptera syrphidae
Chloanthes,stoechadis,2008-11-17T00:00:00Z,Trevor,Robertsons lookout,1899-12-31T18:00:00Z,10,19.333333333333332,193.33333333333331,0,0,0,Chloanthes,Chloanthes,Chloanthes stoechadis,231,birds,2,bird,birds
Chloanthes,stoechadis,2008-11-18T00:00:00Z,Trevor,Robertsons lookout,1899-12-31T06:00:00Z,10,19.333333333333332,193.33333333333331,0,0,0,Chloanthes,Chloanthes,Chloanthes stoechadis,232,birds,3,bird,birds
