Site_name,Locality,Species,leaf age,Replicate,Nitrogen_mg_g,Phosphorus_mg_g,Potassium_mg_g,Sulfur_mg_g,Carbon_mg_g,Calcium_mg_g,Magnesium_mg_g,Sodium_mg_g,Copper_mg_kg,Zinc_mg_kg,Manganese_mg_kg,Iron_mg_kg,Boron_mg_kg,Silicon_mg_kg,Nitrogen_Sulfur_Ratio,Nitrogen_Phosphorus_Ratio,Nitrogen_Potassium_Ratio,Carbon_Nitrogen_Ratio
EucFACE,EucFACE,Angophora floribunda,mature,1,13.70,0.81,7.64,1.25,499.00,5.00,1.24,2.20,3.94,49.22,869.37,204.54,30.98,239.67,10.96,16.82,1.79,36.42
EucFACE,EucFACE,Angophora floribunda,mature,2,15.00,0.81,8.71,1.26,497.00,6.59,2.50,1.40,5.29,63.76,1520.22,92.36,28.32,246.91,11.90,18.62,1.72,33.13
EucFACE,EucFACE,Angophora floribunda,mature,3,14.40,0.58,9.49,1.31,508.00,3.36,1.56,0.22,3.73,54.93,711.08,87.98,30.55,243.18,10.99,24.82,1.52,35.28
EucFACE,EucFACE,Angophora floribunda,mature,4,14.40,0.60,5.83,1.30,500.00,5.62,1.82,0.29,3.50,72.57,959.79,142.29,48.13,256.68,11.08,23.98,2.47,34.72
EucFACE,EucFACE,Angophora subvelutina,mature,1,16.10,0.64,8.10,1.47,496.00,8.54,2.34,0.26,4.07,82.73,1675.51,336.09,45.77,291.75,10.95,25.16,1.99,30.81
EucFACE,EucFACE,Angophora subvelutina,mature,2,15.40,0.58,8.71,1.33,502.00,5.08,1.79,0.74,3.24,65.42,1569.41,133.59,26.91,281.84,11.58,26.63,1.77,32.60
EucFACE,EucFACE,Angophora subvelutina,mature,3,17.40,0.76,6.68,1.54,494.00,5.74,2.57,1.30,4.59,84.42,965.72,237.44,39.19,286.22,11.30,22.77,2.60,28.39
EucFACE,EucFACE,Angophora subvelutina,mature,4,20.30,0.76,8.96,1.65,499.00,4.54,1.62,1.35,5.50,98.78,682.26,279.43,43.97,303.17,12.30,26.73,2.27,24.58
EucFACE,EucFACE,Angophora subvelutina,mature,5,14.60,0.60,5.76,1.25,501.00,3.89,1.32,2.93,3.87,50.07,1044.51,185.68,31.43,290.79,11.68,24.35,2.54,34.32
EucFACE,EucFACE,Eucalyptus tereticornis,mature,1,18.15,0.92,7.02,1.64,495.00,9.53,1.99,2.41,8.85,48.93,1631.36,98.79,61.21,288.80,11.10,19.70,2.59,27.27
EucFACE,EucFACE,Eucalyptus tereticornis,mature,2,16.60,0.75,6.98,1.37,506.00,5.79,2.23,2.11,7.12,30.10,660.80,222.84,47.38,308.83,12.12,21.99,2.38,30.48
EucFACE,EucFACE,Eucalyptus tereticornis,mature,3,18.80,0.90,4.93,1.66,498.00,7.86,1.67,1.96,4.09,21.45,951.80,165.59,42.27,300.99,11.33,20.96,3.81,26.49
EucFACE,EucFACE,Eucalyptus tereticornis,mature,4,18.20,1.13,8.35,1.82,513.00,8.14,2.01,3.34,7.34,26.31,959.25,82.16,53.21,316.77,10.00,16.05,2.18,28.19
EucFACE,EucFACE,Eucalyptus tereticornis,mature,5,23.60,0.93,7.24,1.86,503.00,7.83,1.98,1.92,8.11,46.08,1626.84,187.76,49.28,331.54,12.69,25.47,3.26,21.31
EucFACE,EucFACE,Acacia parramattensis,mature,1,32.30,0.90,5.52,2.01,515.00,8.55,2.56,0.71,13.30,13.67,176.75,158.77,23.63,312.34,16.07,35.91,5.85,15.94
EucFACE,EucFACE,Acacia parramattensis,mature,2,35.80,1.27,10.65,2.21,495.00,8.49,3.58,0.22,11.39,14.97,180.22,146.53,57.36,359.29,16.20,28.16,3.36,13.83
EucFACE,EucFACE,Acacia parramattensis,mature,3,38.40,1.14,8.50,2.26,493.00,10.43,3.09,0.27,17.44,16.13,176.19,131.58,50.57,295.40,16.99,33.71,4.52,12.84
EucFACE,EucFACE,Acacia parramattensis,mature,4,39.00,1.06,8.79,2.31,506.00,6.94,2.36,0.89,16.05,19.48,120.29,132.39,44.01,350.57,16.88,36.66,4.44,12.97
EucFACE,EucFACE,Acacia parramattensis,mature,5,31.30,0.85,4.74,1.87,523.00,5.51,2.05,1.24,12.62,14.65,105.75,243.94,34.82,342.44,16.74,36.80,6.61,16.71
EucFACE,EucFACE,Hakea sericia ,mature,1,8.75,0.43,3.33,1.11,494.00,3.42,1.24,0.69,1.48,4.93,170.33,74.94,42.19,333.37,7.88,20.13,2.63,56.46
EucFACE,EucFACE,Hakea sericia ,mature,2,8.34,0.27,2.95,1.26,484.00,2.06,1.01,1.58,1.25,4.54,124.97,102.91,53.96,396.31,6.62,30.51,2.82,58.03
EucFACE,EucFACE,Hakea sericia ,mature,3,5.02,0.24,2.44,1.42,490.00,1.40,0.79,0.79,1.03,2.95,66.67,92.86,38.60,326.49,3.54,20.93,2.06,97.61
EucFACE,EucFACE,Hakea sericia ,mature,4,8.05,0.30,3.09,1.07,470.00,2.32,0.70,1.39,1.27,4.70,189.50,67.34,40.07,374.94,7.52,26.98,2.60,58.39
EucFACE,EucFACE,Hakea sericia ,mature,5,8.77,0.48,3.04,1.11,486.00,3.63,1.31,0.63,1.79,4.61,155.90,70.03,59.36,331.50,7.90,18.15,2.89,55.42
Davies Park,"Davies Park, Blue Mountains",Angophora costata,mature,1,10.20,0.41,4.65,1.10,518.00,5.55,1.71,1.95,3.16,35.08,517.05,34.04,22.37,358.15,9.27,24.69,2.19,50.78
Davies Park,"Davies Park, Blue Mountains",Angophora costata,mature,2,9.16,0.35,2.83,1.02,516.00,4.84,2.17,1.95,6.51,39.73,711.59,31.86,21.00,340.31,8.98,26.32,3.24,56.33
Davies Park,"Davies Park, Blue Mountains",Angophora costata,mature,3,10.00,0.39,4.25,1.03,516.00,2.92,1.87,1.61,3.14,34.61,407.97,<25,18.99,293.64,9.71,25.69,2.35,51.60
Davies Park,"Davies Park, Blue Mountains",Angophora costata,mature,4,12.00,0.47,3.71,1.15,524.00,6.04,1.98,1.06,5.93,69.47,718.99,54.93,15.88,309.56,10.43,25.66,3.23,43.67
Davies Park,"Davies Park, Blue Mountains",Angophora costata,mature,5,11.20,0.45,4.80,1.21,529.00,4.83,1.45,0.92,3.98,42.40,655.06,40.53,24.23,415.52,9.26,24.82,2.33,47.23
Davies Park,"Davies Park, Blue Mountains",Corymbia gummifera,mature,1,10.40,0.38,4.50,0.98,505.00,2.93,2.04,2.30,2.89,10.75,256.44,<25,25.56,314.45,10.61,27.36,2.31,48.56
Davies Park,"Davies Park, Blue Mountains",Corymbia gummifera,mature,2,8.57,0.28,4.41,0.94,509.00,1.99,1.40,2.12,1.98,10.16,160.44,<25,21.73,295.04,9.12,30.79,1.94,59.39
Davies Park,"Davies Park, Blue Mountains",Corymbia gummifera,mature,3,9.60,0.45,8.06,1.21,501.00,2.36,1.86,2.35,4.20,18.08,211.54,<25,12.86,281.22,7.93,21.33,1.19,52.19
Davies Park,"Davies Park, Blue Mountains",Corymbia gummifera,mature,4,9.22,0.33,4.03,0.94,506.00,1.72,1.94,2.56,2.33,9.19,104.07,<25,12.76,273.75,9.81,28.19,2.29,54.88
Davies Park,"Davies Park, Blue Mountains",Corymbia gummifera,mature,5,9.01,0.38,4.29,1.04,503.50,2.81,2.53,2.19,2.70,25.57,205.95,25.13,13.26,219.14,8.71,23.63,2.10,55.88
Davies Park,"Davies Park, Blue Mountains",Eucalyptus piperita,mature,1,9.71,0.39,2.75,1.14,531.00,5.03,2.98,1.16,2.24,10.07,433.33,31.04,15.72,244.94,8.52,25.09,3.53,54.69
Davies Park,"Davies Park, Blue Mountains",Eucalyptus piperita,mature,2,11.20,0.39,3.02,1.23,530.00,3.46,2.72,1.30,3.67,8.92,265.11,<25,13.14,240.80,9.11,28.68,3.71,47.32
Davies Park,"Davies Park, Blue Mountains",Eucalyptus piperita,mature,3,9.17,0.38,2.83,1.06,531.00,4.36,2.09,1.71,2.63,8.87,274.72,<25,15.49,273.39,8.65,23.83,3.24,57.91
Davies Park,"Davies Park, Blue Mountains",Eucalyptus piperita,mature,4,9.96,0.38,2.90,1.13,539.00,3.17,1.69,1.50,3.14,9.51,80.14,<25,13.15,252.30,8.81,26.49,3.44,54.12
Davies Park,"Davies Park, Blue Mountains",Eucalyptus piperita,mature,5,9.88,0.36,3.01,1.10,532.00,2.77,2.28,1.94,3.65,8.62,175.63,<25,8.40,233.92,8.98,27.46,3.28,53.85
Davies Park,"Davies Park, Blue Mountains",Xanthorrhoea resinosa ,mature,1,5.46,0.23,6.33,0.72,466.00,1.93,1.83,0.26,1.60,8.79,69.82,<25,10.48,197.53,7.58,23.84,0.86,85.35
Davies Park,"Davies Park, Blue Mountains",Xanthorrhoea resinosa ,mature,2,5.80,0.26,8.01,0.75,469.00,3.33,1.06,0.35,1.62,12.29,45.16,<25,9.22,207.72,7.73,22.68,0.72,80.86
Davies Park,"Davies Park, Blue Mountains",Xanthorrhoea resinosa ,mature,3,5.75,0.26,12.37,0.71,459.00,1.33,1.88,0.28,1.44,8.96,69.47,<25,4.45,199.90,8.10,22.21,0.46,79.83
Davies Park,"Davies Park, Blue Mountains",Xanthorrhoea resinosa ,mature,4,5.47,0.23,10.18,0.77,461.00,1.87,1.35,0.30,1.34,15.55,55.96,<25,5.76,234.87,7.10,24.10,0.54,84.28
Davies Park,"Davies Park, Blue Mountains",Xanthorrhoea resinosa ,mature,5,5.39,0.20,9.13,0.67,464.00,1.20,0.61,NA,1.69,13.97,57.80,<25,4.98,191.44,8.04,27.31,0.59,86.09
Davies Park,"Davies Park, Blue Mountains",Banksia spinulosa,mature,1,6.37,0.27,2.76,1.01,497.00,3.26,1.91,0.61,1.66,5.34,305.84,56.11,26.73,291.03,6.31,23.66,2.31,78.02
Davies Park,"Davies Park, Blue Mountains",Banksia spinulosa,mature,2,8.08,0.22,2.73,1.09,497.00,1.19,1.56,0.68,1.78,5.36,100.22,46.07,25.23,219.12,7.41,36.12,2.96,61.51
Davies Park,"Davies Park, Blue Mountains",Banksia spinulosa,mature,3,7.99,0.24,3.19,1.11,498.00,1.68,2.26,0.58,2.02,5.57,181.98,56.24,38.85,277.88,7.20,32.84,2.50,62.33
Davies Park,"Davies Park, Blue Mountains",Banksia spinulosa,mature,4,6.52,0.24,2.68,1.14,497.00,1.12,1.64,1.06,1.56,4.59,108.05,57.08,32.30,316.57,5.72,27.36,2.43,76.23
Davies Park,"Davies Park, Blue Mountains",Banksia spinulosa,mature,5,8.18,0.35,4.31,1.20,497.00,2.71,1.61,0.73,2.42,5.91,140.31,54.15,29.18,246.68,6.82,23.56,1.90,60.76
Grose Road,"Grose Road 1, Blue Mountains",Eucalyptus burgessiana,mature,1,7.76,0.22,2.37,0.98,558.00,3.35,0.78,2.59,2.30,3.39,230.62,<25,18.65,278.37,7.92,35.50,3.27,71.91
Grose Road,"Grose Road 1, Blue Mountains",Eucalyptus burgessiana,mature,2,8.59,0.29,3.01,1.04,560.00,2.58,0.84,2.56,2.78,3.90,160.95,<25,17.66,227.32,8.26,29.95,2.85,65.19
Grose Road,"Grose Road 1, Blue Mountains",Eucalyptus burgessiana,mature,3,8.42,0.28,2.79,0.91,557.00,3.27,0.90,2.46,2.76,4.00,296.53,<25,20.68,274.19,9.25,30.43,3.02,66.15
Grose Road,"Grose Road 1, Blue Mountains",Eucalyptus burgessiana,mature,4,9.12,0.35,2.70,1.08,566.00,2.46,1.00,1.86,4.80,5.66,206.14,<25,22.54,255.76,8.44,25.75,3.38,62.06
Grose Road,"Grose Road 1, Blue Mountains",Eucalyptus burgessiana,mature,5,7.16,0.24,3.07,0.93,544.00,2.16,1.33,2.25,3.41,5.97,222.19,<25,20.09,287.35,7.70,30.18,2.33,75.98
Grose Road,"Grose Road 1, Blue Mountains",Eucalyptus sparsifolia,mature,1,8.12,0.31,3.45,1.21,526.00,5.23,2.82,2.23,3.12,8.57,197.66,<25,17.96,290.71,6.71,25.88,2.36,64.78
Grose Road,"Grose Road 1, Blue Mountains",Eucalyptus sparsifolia,mature,2,7.01,0.24,2.03,1.02,522.00,4.18,2.05,1.29,1.68,3.35,183.06,<25,15.46,253.01,6.87,28.70,3.45,74.47
Grose Road,"Grose Road 1, Blue Mountains",Eucalyptus sparsifolia,mature,3,6.73,0.22,1.88,1.02,517.00,8.66,2.16,0.61,2.18,5.18,420.39,<25,15.01,287.94,6.60,30.88,3.57,76.82
Grose Road,"Grose Road 1, Blue Mountains",Eucalyptus sparsifolia,mature,4,7.07,0.23,2.39,1.01,523.00,6.79,1.96,1.30,1.27,4.26,216.80,<25,17.29,286.59,7.00,30.99,2.95,73.97
Grose Road,"Grose Road 1, Blue Mountains",Eucalyptus sparsifolia,mature,5,7.96,0.24,2.64,1.14,531.00,6.28,1.55,2.04,2.80,6.05,176.15,<25,16.44,345.04,6.98,33.77,3.01,66.71
Grose Road,"Grose Road 1, Blue Mountains",Daviesia mimosoides ,mature,1,16.50,0.17,4.69,1.49,514.00,2.55,1.15,3.10,3.77,31.86,182.03,59.69,46.53,375.27,11.07,96.42,3.52,31.15
Grose Road,"Grose Road 1, Blue Mountains",Daviesia mimosoides ,mature,2,12.10,0.13,4.14,1.24,483.00,1.62,1.94,1.98,2.04,13.28,76.14,36.67,18.39,334.51,9.76,96.21,2.92,39.92
Grose Road,"Grose Road 1, Blue Mountains",Daviesia mimosoides ,mature,3,11.90,0.19,4.35,1.10,490.00,1.12,1.78,1.99,1.77,9.17,108.47,86.30,32.78,<100,10.82,64.17,2.74,41.18
Grose Road,"Grose Road 1, Blue Mountains",Daviesia mimosoides ,mature,4,14.60,0.17,5.64,1.41,490.00,1.96,1.45,1.10,2.18,8.00,109.83,146.70,22.30,134.00,10.35,85.77,2.59,33.56
Grose Road,"Grose Road 1, Blue Mountains",Daviesia mimosoides ,mature,5,14.70,0.11,3.67,1.39,505.00,1.45,1.09,3.10,2.36,17.08,121.85,62.53,40.21,<100,10.58,130.48,4.01,34.35
Grose Road,"Grose Road 1, Blue Mountains",Banksia spinulosa ,mature,1,6.84,0.20,2.32,1.22,469.00,3.83,1.42,0.71,1.32,5.60,220.69,65.38,16.03,198.89,5.61,33.64,2.94,68.57
Grose Road,"Grose Road 1, Blue Mountains",Banksia spinulosa ,mature,2,9.03,0.27,2.30,1.63,464.00,5.72,1.48,0.40,2.24,5.36,252.93,44.75,22.16,153.42,5.54,32.99,3.93,51.38
Grose Road,"Grose Road 1, Blue Mountains",Banksia spinulosa ,mature,3,9.58,0.23,2.05,1.33,475.00,3.92,1.38,0.81,2.55,8.41,300.09,60.89,24.63,212.13,7.20,40.85,4.67,49.58
Grose Road,"Grose Road 1, Blue Mountains",Banksia spinulosa ,mature,4,9.19,0.21,2.89,1.41,482.00,2.51,1.00,0.79,2.09,14.23,177.28,81.12,18.53,318.44,6.52,44.66,3.18,52.45
Grose Road,"Grose Road 1, Blue Mountains",Banksia spinulosa ,mature,5,10.00,0.26,2.52,1.37,481.00,3.26,0.99,0.48,2.39,10.47,152.13,133.36,16.27,267.31,7.30,39.12,3.96,48.10
Minnehaha1,"Minnehaha 1, Blue Mountains",Eucalyptus mannifera subsp. gullickii,mature,1,12.50,0.41,2.46,1.08,552.00,1.64,1.50,0.85,3.84,6.19,179.46,75.99,16.99,135.01,11.57,30.62,5.07,44.16
Minnehaha1,"Minnehaha 1, Blue Mountains",Eucalyptus mannifera subsp. gullickii,mature,2,12.10,0.37,2.25,1.31,557.00,1.99,1.41,0.83,4.04,6.37,208.78,54.52,15.25,129.93,9.24,32.96,5.39,46.03
Minnehaha1,"Minnehaha 1, Blue Mountains",Eucalyptus mannifera subsp. gullickii,mature,3,11.35,0.37,2.60,1.09,547.00,1.48,1.04,1.33,4.23,5.79,133.97,34.27,18.00,<100,10.46,30.86,4.37,48.19
Minnehaha1,"Minnehaha 1, Blue Mountains",Eucalyptus mannifera subsp. gullickii,mature,4,11.30,0.35,2.68,1.15,546.00,2.71,1.48,1.01,4.41,9.28,225.23,86.93,19.08,140.86,9.83,32.05,4.21,48.32
Minnehaha1,"Minnehaha 1, Blue Mountains",Eucalyptus mannifera subsp. gullickii,mature,5,11.10,0.37,2.56,1.02,549.00,2.19,1.15,0.90,2.79,7.88,233.64,112.38,11.19,<100,10.88,30.15,4.33,49.46
Minnehaha1,"Minnehaha 1, Blue Mountains",Eucalyptus stricta,mature,1,9.93,0.35,2.77,0.92,527.00,1.87,0.86,1.79,3.32,5.65,176.67,39.37,14.63,<100,10.79,28.53,3.59,53.07
Minnehaha1,"Minnehaha 1, Blue Mountains",Eucalyptus stricta,mature,2,9.27,0.34,2.78,0.92,520.00,3.31,1.37,1.32,5.10,8.59,358.92,28.38,23.60,<100,10.08,27.30,3.33,56.09
Minnehaha1,"Minnehaha 1, Blue Mountains",Eucalyptus stricta,mature,3,10.00,0.38,3.42,0.95,520.00,3.45,1.34,0.92,3.51,5.47,379.89,44.81,13.54,154.17,10.53,26.09,2.92,52.00
Minnehaha1,"Minnehaha 1, Blue Mountains",Eucalyptus stricta,mature,4,7.49,0.34,2.95,1.08,489.00,4.06,1.47,1.00,3.64,6.69,402.75,131.46,11.61,<100,6.94,22.19,2.54,65.29
Minnehaha1,"Minnehaha 1, Blue Mountains",Eucalyptus stricta,mature,5,9.47,0.33,2.98,0.92,524.00,3.22,1.95,1.32,4.12,6.35,334.01,<25,15.00,<100,10.29,28.74,3.18,55.33
Minnehaha1,"Minnehaha 1, Blue Mountains",Xanthorrhoea resinosa ,mature,1,4.43,0.15,3.90,0.70,470.00,2.06,0.72,NA,2.05,7.95,142.93,<25,14.28,<100,6.33,30.10,1.14,106.09
Minnehaha1,"Minnehaha 1, Blue Mountains",Xanthorrhoea resinosa ,mature,2,4.56,0.14,5.63,0.84,460.00,4.14,0.69,NA,1.51,8.50,198.88,26.22,9.34,118.72,5.43,32.26,0.81,100.88
Minnehaha1,"Minnehaha 1, Blue Mountains",Xanthorrhoea resinosa ,mature,3,3.78,0.13,3.22,0.68,467.00,1.28,1.16,NA,1.72,8.89,64.70,28.79,9.09,524.87,5.56,28.77,1.17,123.54
Minnehaha1,"Minnehaha 1, Blue Mountains",Xanthorrhoea resinosa ,mature,4,3.79,0.13,2.72,0.65,459.00,1.59,0.65,NA,1.56,10.58,41.94,30.69,8.98,101.01,5.83,28.42,1.39,121.11
Minnehaha1,"Minnehaha 1, Blue Mountains",Xanthorrhoea resinosa ,mature,5,4.27,0.16,3.46,0.61,463.00,3.71,0.87,NA,1.52,6.61,156.67,40.33,11.61,<100,7.00,27.43,1.23,108.43
Minnehaha1,"Minnehaha 1, Blue Mountains",Hakea dactyloides ,mature,1,6.25,0.21,1.86,0.90,510.00,2.60,1.30,1.72,2.13,4.81,180.84,55.45,23.79,236.19,6.94,29.44,3.37,81.60
Minnehaha1,"Minnehaha 1, Blue Mountains",Hakea dactyloides ,mature,2,6.50,0.19,1.79,0.94,509.00,1.93,0.83,1.72,2.10,3.70,163.45,59.10,11.29,199.35,6.91,33.90,3.63,78.31
Minnehaha1,"Minnehaha 1, Blue Mountains",Hakea dactyloides ,mature,3,6.90,0.23,1.88,0.96,511.00,1.59,1.41,1.95,2.02,9.23,186.38,35.24,15.06,300.49,7.19,29.90,3.67,74.06
Minnehaha1,"Minnehaha 1, Blue Mountains",Hakea dactyloides ,mature,4,6.01,0.21,2.33,0.79,513.00,1.47,0.97,1.52,2.26,2.89,112.63,34.70,11.69,244.14,7.61,29.16,2.58,85.36
Minnehaha1,"Minnehaha 1, Blue Mountains",Hakea dactyloides ,mature,5,7.23,0.36,1.93,0.85,513.00,1.77,1.14,1.89,2.23,2.91,167.89,35.75,13.49,201.19,8.51,20.04,3.74,70.95
Minnehaha2,"Minnehaha 2, Blue Mountains",Eucalyptus radiata,mature,1,11.70,0.38,3.41,1.11,548.00,2.47,1.31,1.62,4.70,7.86,252.46,<25,14.42,223.35,10.54,30.49,3.43,46.84
Minnehaha2,"Minnehaha 2, Blue Mountains",Eucalyptus radiata,mature,2,9.32,0.32,2.91,0.95,558.00,2.00,1.01,0.84,2.79,6.80,164.30,<25,12.88,231.98,9.81,28.88,3.20,59.87
Minnehaha2,"Minnehaha 2, Blue Mountains",Eucalyptus radiata,mature,3,10.90,0.40,2.78,1.02,543.00,3.80,2.21,0.91,3.19,7.16,380.07,30.43,14.58,218.45,10.69,27.48,3.92,49.82
Minnehaha2,"Minnehaha 2, Blue Mountains",Eucalyptus radiata,mature,4,11.70,0.38,2.88,1.08,547.00,3.94,1.86,0.64,3.40,9.65,556.84,<25,11.27,263.23,10.83,30.95,4.06,46.75
Minnehaha2,"Minnehaha 2, Blue Mountains",Eucalyptus radiata,mature,5,9.55,0.32,3.17,0.93,548.00,2.90,1.54,1.13,2.15,7.53,362.95,<25,14.21,307.98,10.27,29.46,3.01,57.38
Minnehaha2,"Minnehaha 2, Blue Mountains",Xanthorrhoea resinosa ,mature,1,4.56,0.18,8.80,0.83,456.00,4.95,0.77,NA,1.57,4.26,116.40,<25,15.85,241.45,5.49,25.74,0.52,100.00
Minnehaha2,"Minnehaha 2, Blue Mountains",Xanthorrhoea resinosa ,mature,2,5.45,0.21,8.88,0.71,460.00,4.52,0.75,NA,2.43,6.46,112.20,<25,13.44,255.63,7.68,25.72,0.61,84.40
Minnehaha2,"Minnehaha 2, Blue Mountains",Xanthorrhoea resinosa ,mature,3,5.44,0.21,3.83,0.79,466.00,9.81,0.68,0.12,1.97,7.32,224.34,<25,8.41,282.59,6.89,25.98,1.42,85.66
Minnehaha2,"Minnehaha 2, Blue Mountains",Xanthorrhoea resinosa ,mature,4,6.55,0.25,6.55,0.85,463.00,5.28,0.62,0.19,1.78,3.51,222.49,<25,5.88,272.39,7.71,25.80,1.00,70.69
Minnehaha2,"Minnehaha 2, Blue Mountains",Xanthorrhoea resinosa ,mature,5,5.11,0.21,4.48,0.73,464.00,5.19,0.58,0.15,1.94,5.35,141.94,<25,9.22,243.20,7.00,24.78,1.14,90.80
Minnehaha2,"Minnehaha 2, Blue Mountains",Banksia spinulosa ,mature,1,9.02,0.27,2.39,1.19,499.00,3.42,1.03,1.20,1.92,17.82,311.99,56.66,24.46,450.57,7.58,33.55,3.78,55.32
Minnehaha2,"Minnehaha 2, Blue Mountains",Banksia spinulosa ,mature,2,9.23,0.26,2.10,1.18,481.00,4.28,1.79,0.72,1.81,20.74,398.94,51.45,29.12,433.95,7.82,35.00,4.40,52.11
Minnehaha2,"Minnehaha 2, Blue Mountains",Banksia spinulosa ,mature,3,8.99,0.30,3.02,1.19,490.00,3.25,1.11,1.09,2.19,29.50,430.46,63.01,39.34,510.24,7.55,30.17,2.98,54.51
Minnehaha2,"Minnehaha 2, Blue Mountains",Banksia spinulosa ,mature,4,9.03,0.32,2.48,1.09,484.00,2.79,1.29,0.64,1.68,4.98,251.09,36.64,24.82,384.91,8.28,28.38,3.64,53.60
Minnehaha2,"Minnehaha 2, Blue Mountains",Banksia spinulosa ,mature,5,8.09,0.32,2.17,0.86,470.00,3.16,2.38,0.77,1.93,3.81,265.77,33.70,27.19,396.40,9.41,25.13,3.73,58.10
Castlereagh Reserve1,Castlereagh Reserve 1,Angophora bakeri,mature,1,13.20,0.51,4.34,1.36,510.00,5.06,1.00,0.72,3.71,83.94,811.83,129.96,24.84,315.12,9.71,25.96,3.04,38.64
Castlereagh Reserve1,Castlereagh Reserve 1,Angophora bakeri,mature,2,13.40,0.49,4.09,1.33,514.00,5.81,1.74,0.92,3.92,98.12,1006.73,139.69,29.65,297.98,10.08,27.61,3.28,38.36
Castlereagh Reserve1,Castlereagh Reserve 1,Angophora bakeri,mature,3,13.00,0.49,4.42,1.21,517.00,2.72,1.42,1.69,3.87,48.85,406.39,71.17,30.96,301.17,10.74,26.41,2.94,39.77
Castlereagh Reserve1,Castlereagh Reserve 1,Angophora bakeri,mature,4,13.30,0.50,3.98,1.49,509.00,4.83,1.45,1.19,3.48,99.79,788.96,142.47,22.53,406.09,8.93,26.80,3.34,38.27
Castlereagh Reserve1,Castlereagh Reserve 1,Angophora bakeri,mature,5,14.00,0.58,5.58,1.30,510.00,4.78,1.31,1.59,3.26,65.18,727.15,94.69,30.91,311.92,10.77,24.06,2.51,36.43
Castlereagh Reserve1,Castlereagh Reserve 1,Eucalyptus fibrosa,mature,1,9.29,0.37,3.80,0.95,513.00,2.97,2.12,3.14,4.20,15.36,323.44,61.84,24.91,284.11,9.78,25.44,2.45,55.22
Castlereagh Reserve1,Castlereagh Reserve 1,Eucalyptus fibrosa,mature,2,10.90,0.38,3.10,1.12,518.00,4.31,1.65,2.04,3.15,7.66,487.68,43.08,42.73,344.57,9.73,28.88,3.52,47.52
Castlereagh Reserve1,Castlereagh Reserve 1,Eucalyptus fibrosa,mature,3,11.20,0.29,2.61,1.35,506.00,4.16,2.66,1.45,2.73,9.44,716.31,47.12,44.93,304.35,8.30,39.01,4.28,45.18
Castlereagh Reserve1,Castlereagh Reserve 1,Eucalyptus fibrosa,mature,4,10.60,0.40,4.58,1.17,485.00,4.77,1.58,4.67,3.06,11.01,487.53,33.80,42.28,233.94,9.06,26.23,2.32,45.75
Castlereagh Reserve1,Castlereagh Reserve 1,Eucalyptus fibrosa,mature,5,10.50,0.34,2.66,1.23,500.00,5.34,1.81,2.87,2.67,10.84,617.92,64.35,35.35,258.83,8.54,31.25,3.95,47.62
Castlereagh Reserve1,Castlereagh Reserve 1,Eucalyptus parramattensis,mature,1,11.60,0.46,3.35,1.26,506.00,6.78,2.54,1.08,3.02,10.27,699.57,60.80,61.46,295.27,9.21,25.17,3.46,43.62
Castlereagh Reserve1,Castlereagh Reserve 1,Eucalyptus parramattensis,mature,2,12.90,0.59,5.35,1.30,501.00,7.04,1.43,1.77,3.80,18.48,1071.73,101.71,105.85,364.51,9.92,21.78,2.41,38.84
Castlereagh Reserve1,Castlereagh Reserve 1,Eucalyptus parramattensis,mature,3,12.70,0.56,4.15,1.30,515.00,4.67,1.22,2.07,6.02,11.77,639.91,87.65,72.14,316.72,9.77,22.64,3.06,40.55
Castlereagh Reserve1,Castlereagh Reserve 1,Eucalyptus parramattensis,mature,4,11.30,0.46,4.07,1.17,517.00,4.22,1.03,2.17,3.99,11.91,544.37,63.14,56.03,306.45,9.66,24.54,2.78,45.75
Castlereagh Reserve1,Castlereagh Reserve 1,Eucalyptus parramattensis,mature,5,11.50,0.48,3.97,1.28,501.00,6.32,1.73,1.76,3.65,10.01,455.66,103.92,53.05,302.07,8.98,23.76,2.90,43.57
Castlereagh Reserve1,Castlereagh Reserve 1,Eucalyptus racemosa,mature,1,9.78,0.34,2.89,1.14,505.00,4.74,2.38,2.10,6.59,15.24,704.41,41.03,23.56,302.67,8.55,28.56,3.38,51.61
Castlereagh Reserve1,Castlereagh Reserve 1,Eucalyptus racemosa,mature,2,9.54,0.28,2.14,1.05,489.00,7.28,3.76,1.22,3.26,14.66,1400.71,41.41,28.56,413.66,9.09,34.07,4.46,51.26
Castlereagh Reserve1,Castlereagh Reserve 1,Eucalyptus racemosa,mature,3,8.97,0.28,2.54,0.99,497.00,6.66,2.66,0.93,2.97,8.96,877.34,40.09,26.57,344.97,9.06,32.06,3.54,55.41
Castlereagh Reserve1,Castlereagh Reserve 1,Eucalyptus racemosa,mature,4,9.61,0.31,2.36,1.13,485.00,8.24,3.92,0.76,2.36,13.67,1048.48,50.47,33.35,306.08,8.50,31.48,4.08,50.47
Castlereagh Reserve1,Castlereagh Reserve 1,Eucalyptus racemosa,mature,5,11.40,0.35,2.60,1.09,499.00,5.59,2.67,1.17,1.94,11.57,981.16,39.11,28.29,336.51,10.46,32.94,4.39,43.77
Castlereagh Reserve1,Castlereagh Reserve 1,Acacia elongata ,mature,1,16.10,0.29,3.04,1.46,495.00,1.80,1.19,1.90,3.48,10.79,36.77,114.25,38.67,341.07,11.03,54.93,5.30,30.75
Castlereagh Reserve1,Castlereagh Reserve 1,Acacia elongata ,mature,2,15.90,0.35,5.95,1.29,483.00,2.63,1.44,0.85,2.94,13.94,56.07,77.86,38.93,333.00,12.33,45.39,2.67,30.38
Castlereagh Reserve1,Castlereagh Reserve 1,Acacia elongata ,mature,3,18.90,0.29,3.96,1.57,483.00,4.62,1.59,1.39,4.24,31.79,91.61,152.43,29.47,334.51,12.04,64.61,4.78,25.56
Castlereagh Reserve1,Castlereagh Reserve 1,Acacia elongata ,mature,4,15.30,0.34,4.45,1.28,490.00,3.07,1.64,1.20,3.33,13.18,76.95,70.49,28.96,316.21,11.95,45.24,3.44,32.03
Castlereagh Reserve1,Castlereagh Reserve 1,Acacia elongata ,mature,5,16.80,0.32,2.79,1.23,487.00,3.31,1.90,0.71,4.10,15.97,80.14,291.46,32.56,387.70,13.66,51.85,6.01,28.99
Castlereagh Reserve1,Castlereagh Reserve 1,Banksia spinulosa ,mature,1,8.40,0.32,2.43,0.91,464.00,2.72,1.62,0.98,2.06,6.88,390.78,70.89,16.73,338.36,9.23,26.08,3.46,55.24
Castlereagh Reserve1,Castlereagh Reserve 1,Banksia spinulosa ,mature,2,9.90,0.36,1.97,0.93,463.00,6.04,2.08,0.36,2.23,6.77,376.41,70.26,34.12,318.72,10.65,27.19,5.03,46.77
Castlereagh Reserve1,Castlereagh Reserve 1,Banksia spinulosa ,mature,3,7.57,0.25,1.82,0.85,477.50,2.53,1.52,0.78,2.20,5.37,293.62,56.75,13.77,493.36,8.85,30.71,4.16,63.08
Castlereagh Reserve1,Castlereagh Reserve 1,Banksia spinulosa ,mature,4,7.94,0.29,1.84,0.84,465.00,3.34,1.82,0.68,1.88,6.09,282.95,98.45,31.95,483.62,9.45,27.08,4.31,58.56
Castlereagh Reserve1,Castlereagh Reserve 1,Banksia spinulosa ,mature,5,9.25,0.34,2.73,0.96,467.00,2.48,1.60,0.90,2.27,7.23,230.07,114.82,29.18,415.07,9.64,27.13,3.39,50.49
Castlereagh Reserve2,Castlereagh Reserve 2,Eucalyptus globoidea,mature,1,8.93,0.40,3.15,0.77,488.00,3.41,2.30,1.95,5.93,12.12,446.42,<25,33.36,271.86,11.60,22.48,2.83,54.65
Castlereagh Reserve2,Castlereagh Reserve 2,Eucalyptus globoidea,mature,2,11.20,0.37,3.37,0.92,484.00,4.30,2.32,2.13,4.80,8.74,344.95,<25,23.30,330.28,12.17,30.00,3.32,43.21
Castlereagh Reserve2,Castlereagh Reserve 2,Eucalyptus globoidea,mature,3,9.93,0.34,3.37,0.83,485.00,4.88,2.47,1.48,3.56,12.14,299.23,<25,25.22,279.75,11.96,29.58,2.94,48.84
Castlereagh Reserve2,Castlereagh Reserve 2,Eucalyptus globoidea,mature,4,11.20,0.43,4.11,0.91,487.00,3.34,2.59,1.70,6.91,10.69,248.62,27.47,24.26,328.71,12.31,25.98,2.73,43.48
Castlereagh Reserve2,Castlereagh Reserve 2,Eucalyptus globoidea,mature,5,11.20,0.43,3.74,0.98,491.00,2.95,2.34,1.53,3.76,9.05,174.83,28.85,27.74,295.49,11.43,26.00,3.00,43.84
Castlereagh Reserve2,Castlereagh Reserve 2,Eucalyptus globoidea young leaves ,young,1,10.40,0.72,4.05,0.87,475.00,1.56,1.62,2.29,4.00,8.66,289.49,<25,25.11,218.41,11.95,14.46,2.57,45.67
Castlereagh Reserve2,Castlereagh Reserve 2,Eucalyptus globoidea young leaves ,young,2,9.94,0.73,4.38,0.82,478.00,1.71,1.76,2.65,6.77,11.85,181.83,<25,26.85,402.37,12.12,13.62,2.27,48.09
Castlereagh Reserve2,Castlereagh Reserve 2,Eucalyptus globoidea young leaves ,young,3,10.20,0.73,4.47,0.81,473.00,2.25,1.76,1.69,4.65,10.85,183.70,<25,32.28,251.30,12.59,14.02,2.28,46.37
Castlereagh Reserve2,Castlereagh Reserve 2,Eucalyptus globoidea young leaves ,young,4,12.30,0.60,5.34,1.03,481.00,1.29,1.66,1.13,3.31,7.82,121.51,<25,31.52,196.32,11.94,20.42,2.31,39.11
Castlereagh Reserve2,Castlereagh Reserve 2,Eucalyptus globoidea young leaves ,young,5,10.20,0.82,6.20,0.91,465.00,1.19,1.49,1.91,5.76,10.35,70.05,<25,74.25,295.30,11.21,12.51,1.64,45.59
Castlereagh Reserve2,Castlereagh Reserve 2,Banksia spinulosa ,mature,1,8.47,0.28,2.18,0.79,464.50,3.46,2.24,0.68,1.80,5.73,251.93,65.08,33.59,215.17,10.72,30.77,3.89,54.84
Castlereagh Reserve2,Castlereagh Reserve 2,Banksia spinulosa ,mature,2,7.93,0.28,2.00,0.93,459.00,2.83,1.86,0.84,2.03,5.76,298.39,50.25,32.31,280.85,8.53,28.26,3.96,57.88
Castlereagh Reserve2,Castlereagh Reserve 2,Banksia spinulosa ,mature,3,7.68,0.32,2.37,0.88,463.00,2.21,2.18,0.58,1.47,4.84,213.87,43.84,32.26,139.12,8.73,23.65,3.24,60.29
Castlereagh Reserve2,Castlereagh Reserve 2,Banksia spinulosa ,mature,4,8.30,0.30,2.86,1.01,465.00,2.55,2.13,0.62,1.80,5.58,418.42,76.59,33.46,174.30,8.22,27.76,2.90,56.02
Castlereagh Reserve2,Castlereagh Reserve 2,Banksia spinulosa ,mature,5,7.66,0.32,2.57,0.89,452.00,1.72,1.95,0.64,1.79,4.71,236.55,62.48,25.48,<100,8.61,23.57,2.98,59.01
Kuringai Chase NP1,Ku-ring-gai Chase National Park near West Head,Eucalyptus paniculata,mature,1,8.86,0.37,3.55,0.81,474.00,7.86,2.12,1.80,2.76,8.25,277.92,30.39,36.95,185.52,10.94,23.66,2.50,53.50
Kuringai Chase NP1,Ku-ring-gai Chase National Park near West Head,Eucalyptus paniculata,mature,2,11.60,0.49,4.25,1.03,475.00,7.31,3.09,2.10,3.82,9.91,266.80,42.99,47.19,260.82,11.26,23.87,2.73,40.95
Kuringai Chase NP1,Ku-ring-gai Chase National Park near West Head,Eucalyptus paniculata,mature,3,9.39,0.38,4.74,0.96,481.00,6.88,1.70,1.92,3.93,8.40,278.32,34.92,49.56,237.80,9.78,24.88,1.98,51.22
Kuringai Chase NP1,Ku-ring-gai Chase National Park near West Head,Eucalyptus paniculata,mature,4,10.10,0.40,5.19,0.88,474.00,8.01,2.54,3.05,3.00,9.53,311.91,31.77,35.94,174.52,11.48,25.49,1.94,46.93
Kuringai Chase NP1,Ku-ring-gai Chase National Park near West Head,Eucalyptus paniculata,mature,5,10.40,0.43,4.80,0.86,467.00,6.81,1.81,2.29,4.63,9.25,299.21,28.95,31.74,173.51,12.09,24.01,2.17,44.90
Kuringai Chase NP1,Ku-ring-gai Chase National Park near West Head,Eucalyptus umbra,mature,1,7.20,0.40,4.14,0.71,491.00,2.88,2.18,5.08,5.40,13.11,39.84,<25,35.98,277.11,10.14,17.99,1.74,68.19
Kuringai Chase NP1,Ku-ring-gai Chase National Park near West Head,Eucalyptus umbra,mature,2,9.26,0.38,4.29,0.83,500.00,2.95,2.24,5.09,5.11,8.24,37.93,<25,35.55,236.73,11.16,24.05,2.16,54.00
Kuringai Chase NP1,Ku-ring-gai Chase National Park near West Head,Eucalyptus umbra,mature,3,8.46,0.32,3.29,0.74,491.00,4.09,1.93,3.30,3.09,6.91,53.78,33.38,38.07,168.96,11.43,26.70,2.57,58.04
Kuringai Chase NP1,Ku-ring-gai Chase National Park near West Head,Eucalyptus umbra,mature,4,7.81,0.29,3.17,0.71,494.00,4.12,2.21,3.26,4.66,5.51,91.80,<25,27.08,223.89,11.00,26.73,2.47,63.25
Kuringai Chase NP1,Ku-ring-gai Chase National Park near West Head,Eucalyptus umbra,mature,5,8.01,0.34,3.51,0.72,506.00,3.68,1.98,3.92,5.14,7.02,90.32,32.30,38.04,252.60,11.13,23.75,2.28,63.17
Kuringai Chase NP1,Ku-ring-gai Chase National Park near West Head,Macrozamia communis ,mature,1,14.60,0.60,8.30,0.72,475.00,1.85,1.34,0.30,4.47,9.85,25.93,<25,22.94,136.04,20.28,24.33,1.76,32.53
Kuringai Chase NP1,Ku-ring-gai Chase National Park near West Head,Macrozamia communis ,mature,2,13.60,0.57,6.85,0.85,482.00,0.94,1.28,0.26,4.81,9.25,22.75,<25,20.28,181.88,16.00,23.69,1.99,35.44
Kuringai Chase NP1,Ku-ring-gai Chase National Park near West Head,Macrozamia communis ,mature,3,14.00,0.69,7.23,0.88,486.00,1.50,1.21,0.14,5.21,8.72,29.53,<25,20.91,<100,15.91,20.19,1.94,34.71
Kuringai Chase NP1,Ku-ring-gai Chase National Park near West Head,Macrozamia communis ,mature,4,11.45,0.56,6.73,0.61,474.00,1.19,1.14,0.22,5.75,10.09,36.58,<25,35.00,126.20,18.62,20.45,1.70,41.40
Kuringai Chase NP1,Ku-ring-gai Chase National Park near West Head,Macrozamia communis ,mature,5,12.30,0.59,5.58,0.78,478.00,1.52,1.05,0.29,4.97,7.50,37.71,<25,29.80,171.08,15.77,20.82,2.21,38.86
Kuringai Chase NP1,Ku-ring-gai Chase National Park near West Head,Lomatia silaifolia ,mature,1,8.07,0.33,2.86,0.74,473.00,3.86,1.78,0.11,2.25,4.21,230.45,31.35,23.82,226.67,10.91,24.28,2.82,58.61
Kuringai Chase NP1,Ku-ring-gai Chase National Park near West Head,Lomatia silaifolia ,mature,2,5.58,0.27,2.57,0.62,464.00,4.15,2.33,0.12,2.19,3.78,76.09,36.77,27.07,257.88,9.00,20.91,2.17,83.15
Kuringai Chase NP1,Ku-ring-gai Chase National Park near West Head,Lomatia silaifolia ,mature,3,6.83,0.28,2.13,0.91,454.00,6.37,3.29,0.54,1.68,4.13,160.96,35.30,22.95,259.90,7.51,24.24,3.21,66.47
Kuringai Chase NP1,Ku-ring-gai Chase National Park near West Head,Lomatia silaifolia ,mature,4,6.51,0.22,1.95,0.71,461.00,6.64,1.61,0.19,2.33,3.88,573.25,38.32,27.41,252.34,9.17,29.77,3.33,70.81
Kuringai Chase NP1,Ku-ring-gai Chase National Park near West Head,Lomatia silaifolia ,mature,5,7.16,0.39,1.95,0.68,466.00,5.19,3.62,0.12,2.53,3.73,126.21,46.55,22.92,113.27,10.53,18.23,3.67,65.08
Kuringai Chase NP1,Ku-ring-gai Chase National Park near West Head,Angophora hispida,mature,1,7.69,0.27,3.64,0.74,497.00,4.73,1.82,0.44,5.18,125.25,176.68,30.55,19.56,<100,10.39,28.83,2.11,64.63
Kuringai Chase NP1,Ku-ring-gai Chase National Park near West Head,Angophora hispida,mature,2,7.62,0.21,2.41,0.67,486.00,10.14,2.90,0.61,6.30,179.87,244.10,<25,16.34,165.36,11.37,36.54,3.17,63.78
Kuringai Chase NP1,Ku-ring-gai Chase National Park near West Head,Angophora hispida,mature,3,6.27,0.22,2.66,0.69,503.00,4.03,1.07,1.02,2.47,74.85,118.20,25.71,16.98,169.38,9.09,28.97,2.36,80.22
Kuringai Chase NP1,Ku-ring-gai Chase National Park near West Head,Angophora hispida,mature,4,6.31,0.22,1.96,0.62,490.00,6.96,2.28,0.69,6.03,116.25,142.70,<25,17.95,230.27,10.18,28.73,3.22,77.65
Kuringai Chase NP1,Ku-ring-gai Chase National Park near West Head,Angophora hispida,mature,5,7.84,0.21,4.02,0.80,497.00,3.94,1.69,0.47,5.00,80.74,158.00,<25,17.97,205.25,9.80,36.56,1.95,63.39
Kuringai Chase NP1,Ku-ring-gai Chase National Park near West Head,Eucalyptus haemostoma,mature,1,6.97,0.23,2.54,0.86,498.00,4.60,1.72,1.78,7.45,5.62,160.29,<25,27.87,188.96,8.10,30.85,2.75,71.45
Kuringai Chase NP1,Ku-ring-gai Chase National Park near West Head,Eucalyptus haemostoma,mature,2,7.87,0.24,2.14,0.71,505.00,3.57,1.21,2.13,3.80,8.78,100.24,<25,23.21,184.26,11.08,32.28,3.67,64.17
Kuringai Chase NP1,Ku-ring-gai Chase National Park near West Head,Eucalyptus haemostoma,mature,3,6.64,0.22,2.30,0.59,482.00,2.34,1.22,1.96,6.58,6.10,90.81,<25,25.11,145.00,11.25,30.81,2.89,72.59
Kuringai Chase NP1,Ku-ring-gai Chase National Park near West Head,Eucalyptus haemostoma,mature,4,6.93,0.18,2.15,0.64,512.00,4.15,1.97,1.49,7.39,8.64,71.66,<25,24.86,465.60,10.83,37.93,3.23,73.88
Kuringai Chase NP1,Ku-ring-gai Chase National Park near West Head,Eucalyptus haemostoma,mature,5,6.27,0.16,2.56,0.72,497.00,4.27,1.48,2.12,11.33,9.08,194.72,<25,24.46,248.30,8.71,38.90,2.45,79.27
Kuringai Chase NP1,Ku-ring-gai Chase National Park near West Head,Xanthorrhoea media ,mature,1,4.90,0.12,5.38,0.75,445.00,4.18,0.75,0.43,1.91,11.75,23.63,<25,32.67,117.69,6.53,39.70,0.91,90.82
Kuringai Chase NP1,Ku-ring-gai Chase National Park near West Head,Xanthorrhoea media ,mature,2,8.82,0.14,6.92,0.65,436.00,10.44,1.06,0.58,2.73,8.32,93.03,<25,6.79,179.44,13.57,64.78,1.28,49.43
Kuringai Chase NP1,Ku-ring-gai Chase National Park near West Head,Xanthorrhoea media ,mature,3,5.37,0.19,6.37,0.46,443.00,1.63,0.71,1.33,1.58,19.25,24.79,<25,13.84,<100,11.56,28.69,0.84,82.42
Kuringai Chase NP1,Ku-ring-gai Chase National Park near West Head,Xanthorrhoea media ,mature,4,4.69,0.14,2.30,0.52,441.00,2.59,2.23,1.29,1.24,18.76,28.83,<25,7.82,<100,9.02,34.29,2.04,94.03
Kuringai Chase NP1,Ku-ring-gai Chase National Park near West Head,Xanthorrhoea media ,mature,5,5.30,0.18,3.35,0.49,445.00,3.38,0.81,1.16,1.87,21.06,52.68,<25,8.49,155.36,10.82,30.02,1.58,83.96
Kuringai Chase NP1,Ku-ring-gai Chase National Park near West Head,Banksia ericifolia ,mature,1,7.21,0.14,1.83,0.74,466.00,3.33,1.15,0.59,1.86,2.34,76.60,30.70,28.50,141.32,9.74,51.65,3.95,64.63
Kuringai Chase NP1,Ku-ring-gai Chase National Park near West Head,Banksia ericifolia ,mature,2,6.73,0.11,2.29,0.69,461.00,2.60,0.73,0.98,2.30,2.62,90.54,38.16,30.54,137.76,9.75,59.96,2.94,68.50
Kuringai Chase NP1,Ku-ring-gai Chase National Park near West Head,Banksia ericifolia ,mature,3,7.31,0.16,2.06,0.79,475.00,2.54,0.92,1.32,1.98,2.61,81.79,26.99,30.16,120.39,9.25,45.44,3.55,64.98
Kuringai Chase NP1,Ku-ring-gai Chase National Park near West Head,Banksia ericifolia ,mature,4,7.56,0.14,1.90,0.83,469.00,3.82,0.98,1.12,2.25,6.39,136.94,32.88,32.88,179.49,9.11,54.93,3.98,62.04
Kuringai Chase NP1,Ku-ring-gai Chase National Park near West Head,Banksia ericifolia ,mature,5,8.61,0.17,2.69,0.94,482.00,2.31,0.43,1.20,2.02,3.26,99.81,30.01,30.76,177.19,9.16,49.88,3.20,55.98
Euroka1,"Euroka 1, Blue Mountains",Eucalyptus signata,mature,1,11.20,0.40,3.98,1.04,534.00,3.31,1.83,1.99,7.31,12.27,438.34,30.49,28.99,194.79,10.77,27.92,2.82,47.68
Euroka1,"Euroka 1, Blue Mountains",Eucalyptus signata,mature,2,9.58,0.43,2.90,1.08,517.00,5.36,2.58,1.49,2.60,5.95,630.95,50.75,13.12,233.12,8.87,22.44,3.30,53.97
Euroka1,"Euroka 1, Blue Mountains",Eucalyptus signata,mature,3,9.24,0.32,2.64,0.99,531.00,4.05,1.54,1.29,4.02,6.65,416.01,27.04,15.69,173.96,9.33,28.92,3.50,57.47
Euroka1,"Euroka 1, Blue Mountains",Eucalyptus signata,mature,4,12.10,0.35,2.92,1.08,527.00,3.88,1.85,1.16,6.43,8.68,529.01,<25,18.83,212.92,11.20,34.25,4.15,43.55
Euroka1,"Euroka 1, Blue Mountains",Eucalyptus signata,mature,5,9.47,0.31,2.60,0.91,538.00,3.25,1.06,1.25,3.44,5.30,384.84,<25,19.66,220.75,10.34,31.00,3.64,56.84
Euroka1,"Euroka 1, Blue Mountains",Acacia linifolia ,mature,1,19.10,0.26,4.05,1.13,516.00,3.11,2.29,1.14,4.65,8.61,101.97,34.44,26.42,279.31,16.90,72.68,4.71,27.02
Euroka1,"Euroka 1, Blue Mountains",Acacia linifolia ,mature,2,23.60,0.32,5.11,1.48,520.00,3.22,1.41,0.67,6.78,15.66,92.55,32.36,20.75,204.44,15.95,73.92,4.62,22.03
Euroka1,"Euroka 1, Blue Mountains",Acacia linifolia ,mature,3,19.20,0.34,4.41,1.27,516.00,3.75,2.12,0.90,10.26,10.39,105.02,37.64,29.38,371.00,15.12,55.68,4.35,26.88
Euroka1,"Euroka 1, Blue Mountains",Acacia linifolia ,mature,4,19.60,0.39,3.80,1.25,511.00,5.08,2.73,0.26,7.05,13.37,101.37,234.79,22.95,398.11,15.68,50.19,5.16,26.07
Euroka1,"Euroka 1, Blue Mountains",Acacia linifolia ,mature,5,20.40,0.37,5.89,1.17,501.00,4.24,1.82,0.82,9.67,10.98,53.58,50.22,30.10,424.32,17.44,55.10,3.47,24.56
Euroka1,"Euroka 1, Blue Mountains",Banksia spinulosa ,mature,1,7.31,0.29,2.95,1.02,506.00,3.32,1.50,0.98,1.86,4.60,324.44,130.05,19.73,334.43,7.17,25.05,2.48,69.22
Euroka1,"Euroka 1, Blue Mountains",Banksia spinulosa ,mature,2,10.30,0.42,3.38,1.09,505.00,4.39,1.91,0.80,2.52,6.03,478.74,41.86,29.05,394.78,9.45,24.44,3.04,49.03
Euroka1,"Euroka 1, Blue Mountains",Banksia spinulosa ,mature,3,7.33,0.32,2.70,0.87,465.00,4.78,1.96,0.78,2.02,3.55,642.07,41.87,22.02,326.17,8.43,22.92,2.72,63.44
Euroka1,"Euroka 1, Blue Mountains",Banksia spinulosa ,mature,4,8.07,0.36,3.17,1.15,481.50,5.40,1.65,0.81,2.19,4.60,488.74,44.91,22.21,372.43,7.05,22.61,2.55,59.67
Euroka1,"Euroka 1, Blue Mountains",Banksia spinulosa ,mature,5,9.46,0.38,2.93,1.14,497.00,5.17,1.59,0.60,2.22,6.39,492.97,63.44,25.01,337.62,8.30,25.14,3.22,52.54
Euroka2,"Euroka 2, Blue Mountains",Corymbia eximia,mature,1,12.40,0.51,4.97,1.04,518.00,4.08,1.53,0.83,4.60,20.83,315.59,52.76,15.68,254.04,11.92,24.17,2.49,41.77
Euroka2,"Euroka 2, Blue Mountains",Corymbia eximia,mature,2,11.50,0.51,4.29,0.99,516.00,4.56,1.92,1.32,4.18,25.24,458.72,37.90,19.30,280.29,11.62,22.66,2.68,44.87
Euroka2,"Euroka 2, Blue Mountains",Corymbia eximia,mature,3,10.50,0.41,5.82,0.90,525.00,1.73,1.33,2.11,3.58,15.82,158.43,<25,12.26,254.90,11.67,25.38,1.81,50.00
Euroka2,"Euroka 2, Blue Mountains",Corymbia eximia,mature,4,10.90,0.45,4.90,0.94,519.00,3.93,1.18,1.29,7.83,19.04,341.21,<25,15.10,235.29,11.60,24.06,2.22,47.61
Euroka2,"Euroka 2, Blue Mountains",Corymbia eximia,mature,5,10.60,0.24,3.08,0.94,518.00,5.06,1.99,0.47,2.74,12.25,808.30,50.34,47.88,257.49,11.28,44.90,3.45,48.87
Euroka2,"Euroka 2, Blue Mountains",Acacia linifolia ,mature,1,17.80,0.30,3.85,1.10,537.00,5.24,1.70,0.87,6.62,10.68,93.03,76.50,18.48,362.37,16.18,58.64,4.62,30.17
Euroka2,"Euroka 2, Blue Mountains",Acacia linifolia ,mature,2,18.90,0.33,4.03,1.19,545.00,4.03,1.87,0.35,12.79,13.31,102.04,60.61,15.88,367.64,15.88,58.03,4.69,28.84
Euroka2,"Euroka 2, Blue Mountains",Acacia linifolia ,mature,3,16.80,0.25,3.49,1.12,542.00,4.53,2.64,0.55,10.43,12.73,73.90,75.21,15.57,332.97,15.00,67.61,4.82,32.26
Euroka2,"Euroka 2, Blue Mountains",Acacia linifolia ,mature,4,16.90,0.30,2.98,1.02,535.00,7.40,4.07,NA,6.36,15.46,97.84,41.76,20.45,372.86,16.57,55.79,5.67,31.66
Euroka2,"Euroka 2, Blue Mountains",Acacia linifolia ,mature,5,18.50,0.25,4.43,1.20,541.00,4.27,2.22,0.46,18.17,9.06,81.99,172.39,18.55,342.22,15.42,73.59,4.18,29.24
Euroka2,"Euroka 2, Blue Mountains",Banksia spinulosa ,mature,1,7.43,0.34,3.56,0.78,508.00,2.41,1.42,1.11,1.84,4.04,226.13,50.75,21.38,339.93,9.53,21.70,2.09,68.37
Euroka2,"Euroka 2, Blue Mountains",Banksia spinulosa ,mature,2,7.57,0.23,1.90,0.88,505.00,2.86,1.57,0.50,1.98,5.52,168.39,58.07,16.16,340.01,8.60,32.79,3.98,66.71
Euroka2,"Euroka 2, Blue Mountains",Banksia spinulosa ,mature,3,8.29,0.22,2.23,0.85,497.00,2.53,1.35,0.66,2.37,7.35,149.98,44.05,18.12,279.53,9.75,38.56,3.72,59.95
Euroka2,"Euroka 2, Blue Mountains",Banksia spinulosa ,mature,4,7.19,0.23,2.13,0.94,507.00,2.74,1.59,0.62,1.93,6.09,136.72,44.19,17.87,303.00,7.65,31.60,3.37,70.51
Euroka2,"Euroka 2, Blue Mountains",Banksia spinulosa ,mature,5,7.47,0.28,2.43,1.54,509.00,1.62,1.56,0.87,1.64,4.03,106.38,44.63,14.54,309.21,4.85,26.71,3.08,68.14
Lapstone,"Lapstone 1, close to Lapstone train station",Eucalyptus agglomerata,mature,1,12.20,0.51,3.90,1.21,522.00,5.09,3.27,1.26,3.62,11.43,245.78,41.44,28.17,266.11,10.08,23.95,3.13,42.79
Lapstone,"Lapstone 1, close to Lapstone train station",Eucalyptus agglomerata,mature,2,13.70,0.52,3.73,1.15,548.00,3.10,2.83,1.85,3.73,8.43,262.57,36.65,21.19,268.33,11.91,26.19,3.67,40.00
Lapstone,"Lapstone 1, close to Lapstone train station",Eucalyptus agglomerata,mature,3,11.90,0.44,2.93,1.20,539.00,4.89,2.99,1.66,5.12,8.01,275.66,41.95,25.99,285.89,9.96,27.06,4.06,45.29
Lapstone,"Lapstone 1, close to Lapstone train station",Eucalyptus agglomerata,mature,4,8.77,0.28,2.64,0.90,544.00,2.83,2.21,1.72,2.72,6.56,219.86,28.71,23.37,331.33,9.74,31.10,3.32,62.03
Lapstone,"Lapstone 1, close to Lapstone train station",Eucalyptus agglomerata,mature,5,11.10,0.42,3.26,1.05,529.00,3.95,2.70,0.86,4.47,7.48,275.16,30.26,21.47,260.15,10.57,26.21,3.41,47.66
Lapstone,"Lapstone 1, close to Lapstone train station",Eucalyptus punctata,mature,1,12.60,0.44,4.79,1.11,524.00,4.48,2.52,1.44,6.20,13.00,403.69,71.38,21.24,270.13,11.35,28.95,2.63,41.59
Lapstone,"Lapstone 1, close to Lapstone train station",Eucalyptus punctata,mature,2,13.20,0.58,3.82,1.21,523.00,4.14,1.82,2.13,4.93,10.82,568.77,44.84,26.32,249.42,10.91,22.70,3.46,39.62
Lapstone,"Lapstone 1, close to Lapstone train station",Eucalyptus punctata,mature,3,12.50,0.44,4.06,1.14,523.00,5.42,2.84,1.01,3.73,9.19,729.30,43.00,29.47,273.63,10.96,28.65,3.08,41.84
Lapstone,"Lapstone 1, close to Lapstone train station",Eucalyptus punctata,mature,4,13.70,0.50,4.13,1.15,511.00,4.65,2.27,1.12,5.41,8.93,310.03,49.76,29.04,290.03,11.91,27.44,3.32,37.30
Lapstone,"Lapstone 1, close to Lapstone train station",Eucalyptus punctata,mature,5,14.00,0.47,4.56,1.20,529.00,6.51,2.00,0.73,4.08,11.39,841.38,55.64,35.64,234.31,11.67,29.92,3.07,37.79
Lapstone,"Lapstone 1, close to Lapstone train station",Eucalyptus punctata young leaves ,young,1,17.60,1.27,9.80,1.21,486.00,2.79,2.89,1.95,8.43,15.18,304.78,28.92,21.86,203.26,14.55,13.83,1.80,27.61
Lapstone,"Lapstone 1, close to Lapstone train station",Eucalyptus punctata young leaves ,young,2,14.60,1.08,7.27,1.07,487.00,2.27,2.58,1.95,6.19,11.55,230.14,<25,20.72,167.40,13.64,13.58,2.01,33.36
Lapstone,"Lapstone 1, close to Lapstone train station",Eucalyptus punctata young leaves ,young,3,14.90,0.99,5.56,1.00,485.00,3.02,3.31,3.50,8.11,12.98,193.84,30.68,26.02,241.79,14.90,15.02,2.68,32.55
Lapstone,"Lapstone 1, close to Lapstone train station",Eucalyptus punctata young leaves ,young,4,19.50,1.42,5.84,1.27,484.00,1.70,2.51,2.76,8.47,16.38,148.55,25.99,21.08,207.19,15.35,13.75,3.34,24.82
Lapstone,"Lapstone 1, close to Lapstone train station",Eucalyptus punctata young leaves ,young,5,16.90,1.19,7.92,1.22,481.00,3.44,3.22,3.15,7.04,10.85,198.59,27.90,25.03,222.02,13.85,14.19,2.13,28.46
Lapstone,"Lapstone 1, close to Lapstone train station",Persoonia linearis ,mature,1,7.62,0.36,2.65,0.81,507.00,2.66,2.47,2.63,1.83,19.70,405.56,85.71,13.70,568.75,9.41,21.20,2.88,66.54
Lapstone,"Lapstone 1, close to Lapstone train station",Persoonia linearis ,mature,2,8.54,0.42,3.88,0.83,495.00,3.59,3.71,2.41,2.39,11.01,501.03,70.45,17.49,365.34,10.29,20.57,2.20,57.96
Lapstone,"Lapstone 1, close to Lapstone train station",Persoonia linearis ,mature,3,9.04,0.39,2.87,0.76,488.00,2.75,2.19,2.27,2.65,15.77,330.40,66.62,19.90,340.65,11.89,23.28,3.15,53.98
Lapstone,"Lapstone 1, close to Lapstone train station",Persoonia linearis ,mature,4,10.20,0.40,4.08,0.86,493.00,3.27,3.72,1.98,3.00,13.76,422.73,84.11,18.74,247.91,11.86,25.29,2.50,48.33
Lapstone,"Lapstone 1, close to Lapstone train station",Persoonia linearis ,mature,5,8.96,0.45,4.30,0.82,481.00,2.17,2.71,3.02,2.66,26.25,270.15,81.99,23.96,319.35,10.93,20.03,2.08,53.68
Dog Pound Creek Reserve1,Dog Pound Creek Reserve,Eucalyptus resinifera,mature,1,10.00,0.30,2.70,1.04,526.00,5.99,1.68,1.07,5.17,6.40,109.57,39.43,33.66,400.67,9.62,32.80,3.70,52.60
Dog Pound Creek Reserve1,Dog Pound Creek Reserve,Eucalyptus resinifera,mature,2,10.10,0.37,3.04,0.89,510.00,5.19,1.80,1.38,4.13,22.27,78.30,43.64,42.44,226.65,11.35,27.43,3.32,50.50
Dog Pound Creek Reserve1,Dog Pound Creek Reserve,Eucalyptus resinifera,mature,3,11.90,0.51,5.47,0.89,519.00,10.64,1.84,1.32,6.75,14.45,152.91,49.55,28.55,242.52,13.37,23.15,2.17,43.61
Dog Pound Creek Reserve1,Dog Pound Creek Reserve,Eucalyptus resinifera,mature,4,9.63,0.35,3.87,0.92,523.00,6.82,2.39,1.34,4.32,7.94,89.99,31.55,51.24,497.67,10.47,27.68,2.49,54.31
Dog Pound Creek Reserve1,Dog Pound Creek Reserve,Eucalyptus resinifera,mature,5,8.69,0.36,4.23,0.96,507.00,9.30,1.64,1.62,6.32,8.15,236.85,36.68,41.52,349.71,9.05,23.90,2.05,58.34
Dog Pound Creek Reserve1,Dog Pound Creek Reserve,Xanthorrhoea media ,mature,1,5.89,0.20,9.81,0.63,470.00,3.73,1.69,0.40,2.48,5.53,28.05,<25,8.22,228.57,9.35,28.86,0.60,79.80
Dog Pound Creek Reserve1,Dog Pound Creek Reserve,Xanthorrhoea media ,mature,2,6.64,0.25,9.18,0.72,476.00,3.62,1.05,0.32,2.73,8.29,35.44,<25,8.13,250.02,9.22,26.63,0.72,71.69
Dog Pound Creek Reserve1,Dog Pound Creek Reserve,Xanthorrhoea media ,mature,3,6.50,0.24,7.26,0.73,477.00,4.40,1.01,0.34,2.02,10.74,45.65,<25,5.64,192.96,8.90,27.02,0.90,73.38
Dog Pound Creek Reserve1,Dog Pound Creek Reserve,Xanthorrhoea media ,mature,4,5.19,0.19,7.10,0.57,453.00,5.13,1.06,0.25,1.76,9.51,61.94,<25,21.53,274.76,9.11,27.81,0.73,87.28
Dog Pound Creek Reserve1,Dog Pound Creek Reserve,Xanthorrhoea media ,mature,5,5.31,0.20,9.67,0.61,453.00,7.60,1.44,0.43,1.86,7.27,65.33,<25,10.93,268.20,8.70,26.84,0.55,85.31
Dog Pound Creek Reserve1,Dog Pound Creek Reserve,Banksia spinulosa ,mature,1,9.33,0.42,4.48,1.57,496.00,4.95,1.85,0.62,2.55,5.43,65.01,58.17,31.37,124.98,5.94,22.38,2.08,53.16
Dog Pound Creek Reserve1,Dog Pound Creek Reserve,Banksia spinulosa ,mature,2,8.56,0.29,3.00,0.98,505.00,3.76,1.84,1.27,3.42,6.85,81.16,82.75,21.94,239.31,8.73,29.60,2.85,59.00
Dog Pound Creek Reserve1,Dog Pound Creek Reserve,Banksia spinulosa ,mature,3,7.57,0.20,2.76,0.97,493.00,2.95,2.21,0.97,2.31,6.14,121.70,58.55,19.36,<100,7.80,38.20,2.74,65.13
Dog Pound Creek Reserve1,Dog Pound Creek Reserve,Banksia spinulosa ,mature,4,8.26,0.26,3.11,1.01,504.00,3.00,2.10,1.50,2.42,5.24,134.07,64.77,21.36,<100,8.18,32.10,2.66,61.02
Dog Pound Creek Reserve1,Dog Pound Creek Reserve,Banksia spinulosa ,mature,5,8.75,0.26,2.97,1.07,490.00,4.19,1.30,1.44,2.37,5.65,147.39,50.19,23.89,101.78,8.18,34.04,2.95,56.00
Dog Pound Creek Reserve2,"Dog Pound Creek Reserve, Marjorie Headen Lookout",Eucalyptus pilularis,mature,1,8.29,0.37,2.52,0.83,535.00,4.28,3.44,1.33,2.73,9.82,116.58,<25,21.75,228.25,9.99,22.26,3.29,64.54
Dog Pound Creek Reserve2,"Dog Pound Creek Reserve, Marjorie Headen Lookout",Eucalyptus pilularis,mature,2,10.80,0.43,3.25,0.98,548.00,3.15,3.09,1.44,5.65,7.18,80.47,<25,19.50,231.53,11.02,25.31,3.33,50.74
Dog Pound Creek Reserve2,"Dog Pound Creek Reserve, Marjorie Headen Lookout",Eucalyptus pilularis,mature,3,11.40,0.44,3.67,0.99,552.00,3.01,2.82,1.68,7.28,10.17,70.29,<25,15.21,318.80,11.52,25.73,3.11,48.42
Dog Pound Creek Reserve2,"Dog Pound Creek Reserve, Marjorie Headen Lookout",Eucalyptus pilularis,mature,4,11.20,0.42,3.19,1.00,550.00,3.59,3.32,1.78,7.06,9.20,97.29,<25,25.91,220.68,11.20,26.96,3.51,49.11
Dog Pound Creek Reserve2,"Dog Pound Creek Reserve, Marjorie Headen Lookout",Eucalyptus pilularis,mature,5,12.10,0.51,3.53,1.01,540.00,3.28,2.45,1.52,4.62,8.34,68.98,<25,24.23,292.59,11.98,23.66,3.43,44.63
Dog Pound Creek Reserve2,"Dog Pound Creek Reserve, Marjorie Headen Lookout",Xanthorrhoea arborea ,mature,1,9.64,0.54,20.43,1.12,471.00,2.85,1.65,0.62,3.15,17.79,96.94,<25,6.25,145.12,8.61,17.83,0.47,48.86
Dog Pound Creek Reserve2,"Dog Pound Creek Reserve, Marjorie Headen Lookout",Xanthorrhoea arborea ,mature,2,9.95,0.42,22.54,0.88,465.00,3.17,2.45,0.55,2.57,11.74,69.51,<25,9.86,<100,11.31,23.59,0.44,46.73
Dog Pound Creek Reserve2,"Dog Pound Creek Reserve, Marjorie Headen Lookout",Xanthorrhoea arborea ,mature,3,6.87,0.49,12.85,0.88,452.00,4.49,3.20,0.36,2.04,30.35,71.48,<25,9.42,143.98,7.81,14.10,0.53,65.79
Dog Pound Creek Reserve2,"Dog Pound Creek Reserve, Marjorie Headen Lookout",Xanthorrhoea arborea ,mature,4,7.04,0.34,13.91,0.77,476.00,1.53,1.75,0.66,2.00,16.34,44.89,<25,6.57,127.56,9.15,20.52,0.51,67.57
Dog Pound Creek Reserve2,"Dog Pound Creek Reserve, Marjorie Headen Lookout",Xanthorrhoea arborea ,mature,5,8.36,0.48,15.69,1.10,465.00,5.22,2.50,0.27,2.77,15.84,115.44,<25,7.88,138.21,7.60,17.39,0.53,55.62
Dog Pound Creek Reserve2,"Dog Pound Creek Reserve, Marjorie Headen Lookout",Banksia serrata ,mature,1,7.05,0.69,2.47,0.88,515.00,3.02,2.07,0.78,2.02,7.06,82.41,29.61,15.38,105.28,8.01,10.18,2.85,73.05
Dog Pound Creek Reserve2,"Dog Pound Creek Reserve, Marjorie Headen Lookout",Banksia serrata ,mature,2,8.35,0.33,1.62,0.87,516.00,6.89,2.24,1.00,3.35,8.05,111.95,27.94,21.40,215.03,9.60,25.31,5.16,61.80
Dog Pound Creek Reserve2,"Dog Pound Creek Reserve, Marjorie Headen Lookout",Banksia serrata ,mature,3,7.23,0.31,2.30,0.84,516.00,3.85,2.13,1.26,2.44,5.60,109.02,29.25,13.29,210.63,8.61,23.30,3.15,71.37
Dog Pound Creek Reserve2,"Dog Pound Creek Reserve, Marjorie Headen Lookout",Banksia serrata ,mature,4,7.03,0.37,1.95,0.83,524.00,3.14,2.01,1.14,2.47,6.54,78.74,31.47,16.78,132.98,8.47,18.96,3.61,74.54
Dog Pound Creek Reserve2,"Dog Pound Creek Reserve, Marjorie Headen Lookout",Banksia serrata ,mature,5,6.86,0.29,2.51,0.88,492.00,4.55,1.74,1.38,2.76,7.61,124.74,33.53,16.78,275.32,7.80,23.84,2.74,71.72
Kuringai Wildflower Garden1,Ku-ring-gai Wildflower Garden,Eucalyptus luehmanniana,mature,1,9.40,0.25,2.68,0.83,528.00,3.55,1.98,1.26,4.02,6.84,107.79,<25,14.56,230.94,11.33,37.88,3.51,56.17
Kuringai Wildflower Garden1,Ku-ring-gai Wildflower Garden,Eucalyptus luehmanniana,mature,2,8.98,0.24,2.81,0.84,546.00,5.79,2.06,1.26,3.03,7.53,184.26,<25,13.18,164.61,10.69,37.41,3.20,60.80
Kuringai Wildflower Garden1,Ku-ring-gai Wildflower Garden,Eucalyptus luehmanniana,mature,3,7.55,0.26,2.58,1.00,520.00,3.06,1.98,1.72,2.55,5.16,163.15,<25,21.56,209.99,7.55,29.40,2.93,68.87
Kuringai Wildflower Garden1,Ku-ring-gai Wildflower Garden,Eucalyptus luehmanniana,mature,4,9.51,0.32,3.27,1.01,538.00,2.95,1.97,1.70,4.31,6.11,110.43,<25,12.52,239.78,9.42,30.01,2.91,56.57
Kuringai Wildflower Garden1,Ku-ring-gai Wildflower Garden,Eucalyptus luehmanniana,mature,5,9.10,0.25,3.38,0.95,514.00,2.77,1.89,2.95,4.13,6.41,173.67,<25,19.78,185.48,9.58,36.01,2.69,56.48
Kuringai Wildflower Garden1,Ku-ring-gai Wildflower Garden,Xanthorrhoea media,mature,1,3.70,0.11,5.30,0.86,474.00,8.18,0.75,NA,1.90,11.05,55.64,<25,7.01,<100,4.30,33.42,0.70,128.11
Kuringai Wildflower Garden1,Ku-ring-gai Wildflower Garden,Xanthorrhoea media,mature,2,4.21,0.13,8.19,0.73,464.00,5.95,1.06,0.24,3.30,7.71,27.39,<25,7.08,109.68,5.77,33.25,0.51,110.21
Kuringai Wildflower Garden1,Ku-ring-gai Wildflower Garden,Xanthorrhoea media,mature,3,6.13,0.19,8.55,0.76,474.00,6.45,1.60,0.56,2.68,18.31,135.24,<25,6.72,166.18,8.07,32.63,0.72,77.32
Kuringai Wildflower Garden1,Ku-ring-gai Wildflower Garden,Xanthorrhoea media,mature,4,4.68,0.18,8.93,0.65,465.00,2.34,1.11,0.21,2.24,15.09,42.19,<25,3.26,<100,7.20,25.36,0.52,99.36
Kuringai Wildflower Garden1,Ku-ring-gai Wildflower Garden,Xanthorrhoea media,mature,5,5.50,0.19,6.29,0.74,472.00,5.15,1.20,0.19,4.39,6.97,45.84,<25,6.08,<100,7.43,29.11,0.87,85.82
Kuringai Wildflower Garden1,Ku-ring-gai Wildflower Garden,Banksia ericifolia ,mature,1,6.75,0.13,2.55,1.09,496.50,2.66,1.22,0.80,2.14,3.41,174.30,43.58,13.51,154.23,6.22,53.10,2.65,73.56
Kuringai Wildflower Garden1,Ku-ring-gai Wildflower Garden,Banksia ericifolia ,mature,2,6.08,0.13,2.30,0.92,502.00,2.83,1.02,1.33,2.05,3.15,159.06,42.58,14.17,214.00,6.61,47.09,2.64,82.57
Kuringai Wildflower Garden1,Ku-ring-gai Wildflower Garden,Banksia ericifolia ,mature,3,7.22,0.15,3.18,0.95,470.00,2.54,0.63,1.19,2.72,3.52,174.38,46.24,19.28,<100,7.60,46.68,2.27,65.10
Kuringai Wildflower Garden1,Ku-ring-gai Wildflower Garden,Banksia ericifolia ,mature,4,8.71,0.16,2.08,0.97,495.00,4.09,0.80,1.27,2.92,4.20,273.33,42.78,16.02,138.15,8.98,53.52,4.19,56.83
Kuringai Wildflower Garden1,Ku-ring-gai Wildflower Garden,Banksia ericifolia ,mature,5,6.30,0.13,2.06,0.87,492.00,3.75,0.79,1.19,2.58,3.27,245.94,40.98,13.96,138.41,7.24,47.11,3.05,78.10
Kuringai Wildflower Garden2,"Ku-ring-gai Wildflower Garden, sampled over two sides of track, one recently burnt",Eucalyptus sieberi,mature,1,10.80,0.29,2.69,0.95,540.00,2.45,2.20,0.92,4.17,6.37,305.88,<25,17.81,309.75,11.37,36.77,4.01,50.00
Kuringai Wildflower Garden2,"Ku-ring-gai Wildflower Garden, sampled over two sides of track, one recently burnt",Eucalyptus sieberi,mature,2,7.02,0.24,3.45,0.83,521.00,4.66,2.32,1.91,3.04,8.35,715.45,<25,21.79,214.29,8.46,29.78,2.03,74.22
Kuringai Wildflower Garden2,"Ku-ring-gai Wildflower Garden, sampled over two sides of track, one recently burnt",Eucalyptus sieberi,mature,3,9.00,0.27,4.78,0.89,534.00,2.46,1.75,2.03,4.87,6.26,186.37,<25,21.40,279.64,10.11,33.65,1.88,59.33
Kuringai Wildflower Garden2,"Ku-ring-gai Wildflower Garden, sampled over two sides of track, one recently burnt",Eucalyptus sieberi,mature,4,9.20,0.25,3.04,0.87,526.00,3.04,2.07,1.30,4.76,7.07,226.19,<25,21.77,297.41,10.57,37.50,3.03,57.17
Kuringai Wildflower Garden2,"Ku-ring-gai Wildflower Garden, sampled over two sides of track, one recently burnt",Xanthorrhoea media,mature,1,5.56,0.27,9.33,0.66,466.00,5.66,1.18,0.82,2.14,16.36,157.21,<25,9.46,245.86,8.42,20.79,0.60,83.81
Kuringai Wildflower Garden2,"Ku-ring-gai Wildflower Garden, sampled over two sides of track, one recently burnt",Xanthorrhoea media,mature,2,4.84,0.17,6.01,0.68,454.00,7.04,1.45,1.00,1.59,14.27,199.69,<25,11.16,280.74,7.12,28.31,0.81,93.80
Kuringai Wildflower Garden2,"Ku-ring-gai Wildflower Garden, sampled over two sides of track, one recently burnt",Xanthorrhoea media,mature,3,6.01,0.21,6.76,0.79,466.00,6.18,1.35,1.74,1.99,13.98,206.08,<25,9.21,262.81,7.61,28.96,0.89,77.54
Kuringai Wildflower Garden2,"Ku-ring-gai Wildflower Garden, sampled over two sides of track, one recently burnt",Xanthorrhoea media,mature,4,7.27,0.30,10.04,0.88,451.50,4.05,1.19,0.28,3.38,12.53,94.67,<25,14.37,278.23,8.26,24.54,0.72,62.15
Kuringai Wildflower Garden2,"Ku-ring-gai Wildflower Garden, sampled over two sides of track, one recently burnt",Xanthorrhoea media,mature,5,4.89,0.17,4.71,0.65,461.00,3.29,0.90,0.97,1.67,12.85,50.98,<25,11.73,286.78,7.52,29.46,1.04,94.27
Kuringai Wildflower Garden2,"Ku-ring-gai Wildflower Garden, sampled over two sides of track, one recently burnt",Banksia serrata ,mature,1,5.80,0.22,3.22,0.78,487.00,4.34,1.57,1.34,2.05,6.08,281.16,32.67,23.47,305.82,7.44,26.40,1.80,83.97
Kuringai Wildflower Garden2,"Ku-ring-gai Wildflower Garden, sampled over two sides of track, one recently burnt",Banksia serrata ,mature,2,6.14,0.18,1.90,0.78,481.00,2.66,1.80,1.46,2.29,6.10,127.94,42.29,14.52,363.04,7.87,33.35,3.23,78.34
Kuringai Wildflower Garden2,"Ku-ring-gai Wildflower Garden, sampled over two sides of track, one recently burnt",Banksia serrata ,mature,3,6.34,0.20,2.04,0.77,504.00,4.86,1.83,0.97,2.36,5.22,336.96,36.76,14.78,348.36,8.23,31.26,3.11,79.50
Kuringai Wildflower Garden2,"Ku-ring-gai Wildflower Garden, sampled over two sides of track, one recently burnt",Banksia serrata ,mature,4,7.39,0.27,3.30,0.79,509.00,3.98,1.19,1.10,2.81,5.07,283.89,45.14,14.47,333.41,9.35,27.05,2.24,68.88
Kuringai Wildflower Garden2,"Ku-ring-gai Wildflower Garden, sampled over two sides of track, one recently burnt",Banksia serrata ,mature,5,5.82,0.18,1.94,0.77,508.00,5.91,1.82,1.15,1.91,4.65,411.61,65.89,11.97,383.48,7.56,31.62,3.01,87.29
Kuringai Wildflower Garden3,"Ku-ring-gai Wildflower Garden, near horse fields",Eucalyptus eugenoides,mature,1,8.67,0.40,2.92,0.87,501.00,9.28,3.33,1.01,3.97,7.34,318.77,<25,26.12,349.20,9.97,21.81,2.97,57.79
Kuringai Wildflower Garden3,"Ku-ring-gai Wildflower Garden, near horse fields",Eucalyptus eugenoides,mature,2,9.91,0.51,3.59,0.93,496.00,6.84,2.44,2.52,3.34,9.57,191.75,48.21,24.84,399.21,10.66,19.34,2.76,50.05
Kuringai Wildflower Garden3,"Ku-ring-gai Wildflower Garden, near horse fields",Eucalyptus eugenoides,mature,3,9.01,0.42,3.56,0.92,510.00,6.33,2.13,2.32,3.20,7.18,225.74,<25,27.04,393.20,9.79,21.53,2.53,56.60
Kuringai Wildflower Garden3,"Ku-ring-gai Wildflower Garden, near horse fields",Eucalyptus eugenoides,mature,4,7.43,0.30,3.16,0.82,492.00,6.75,2.33,1.40,2.80,7.88,186.13,<25,23.55,363.61,9.06,25.00,2.35,66.22
Kuringai Wildflower Garden3,"Ku-ring-gai Wildflower Garden, near horse fields",Eucalyptus eugenoides,mature,5,9.43,0.47,3.53,1.06,503.00,7.61,2.53,1.95,3.02,7.89,203.44,30.20,23.08,366.37,8.90,20.18,2.67,53.34
Kuringai Wildflower Garden3,"Ku-ring-gai Wildflower Garden, near horse fields",Xanthorrhoea media ,mature,1,6.42,0.29,10.09,0.76,462.00,5.26,1.07,1.09,2.12,8.89,92.78,<25,9.61,290.14,8.50,21.78,0.64,71.96
Kuringai Wildflower Garden3,"Ku-ring-gai Wildflower Garden, near horse fields",Xanthorrhoea media ,mature,2,5.95,0.27,10.70,0.65,455.00,9.15,1.17,1.74,1.96,8.76,67.72,31.66,10.19,286.04,9.15,22.15,0.56,76.47
Kuringai Wildflower Garden3,"Ku-ring-gai Wildflower Garden, near horse fields",Xanthorrhoea media ,mature,3,6.55,0.30,7.33,0.71,467.00,5.15,0.96,1.58,1.86,12.15,97.00,<25,9.73,294.37,9.23,21.96,0.89,71.30
Kuringai Wildflower Garden3,"Ku-ring-gai Wildflower Garden, near horse fields",Xanthorrhoea media ,mature,4,5.45,0.21,6.44,0.67,468.00,4.26,0.71,1.89,1.66,9.24,46.70,<25,8.68,314.08,8.13,26.18,0.85,85.87
Kuringai Wildflower Garden3,"Ku-ring-gai Wildflower Garden, near horse fields",Xanthorrhoea media ,mature,5,5.23,0.22,9.55,0.79,437.00,4.57,0.63,0.61,1.50,9.44,49.46,<25,25.54,305.32,6.62,23.44,0.55,83.56
Kuringai Wildflower Garden3,"Ku-ring-gai Wildflower Garden, near horse fields",Banksia serrata ,mature,1,7.86,0.29,3.18,1.15,506.00,4.89,1.14,1.34,2.67,4.70,296.36,58.80,18.74,409.98,6.83,27.51,2.47,64.38
Kuringai Wildflower Garden3,"Ku-ring-gai Wildflower Garden, near horse fields",Banksia serrata ,mature,2,7.45,0.25,2.70,0.93,484.00,8.21,1.86,1.66,2.19,5.11,359.57,33.51,22.12,388.41,8.01,29.24,2.76,64.97
Kuringai Wildflower Garden3,"Ku-ring-gai Wildflower Garden, near horse fields",Banksia serrata ,mature,3,6.79,0.25,1.70,1.04,503.00,5.85,1.28,1.62,1.92,4.96,364.92,45.91,15.94,374.35,6.53,27.02,3.99,74.08
Kuringai Wildflower Garden3,"Ku-ring-gai Wildflower Garden, near horse fields",Banksia serrata ,mature,4,6.18,0.29,2.63,0.88,499.00,5.50,1.67,2.03,1.92,4.30,243.57,35.48,18.70,405.65,7.02,21.28,2.35,80.74
Kuringai Wildflower Garden3,"Ku-ring-gai Wildflower Garden, near horse fields",Banksia serrata ,mature,5,6.83,0.22,2.33,0.84,497.00,3.58,0.75,2.51,2.14,4.33,223.01,40.74,20.28,369.50,8.13,31.66,2.94,72.77
Kuringai Wildflower Garden3,"Ku-ring-gai Wildflower Garden, near horse fields",Angophora crassifolia,mature,1,11.10,0.66,8.83,1.02,492.00,4.48,1.27,1.11,3.75,47.50,176.25,29.46,26.00,372.09,10.88,16.84,1.26,44.32
Kuringai Wildflower Garden3,"Ku-ring-gai Wildflower Garden, near horse fields",Angophora crassifolia,mature,2,11.70,0.80,8.42,1.00,507.00,3.57,1.50,0.64,4.01,60.61,144.47,35.20,12.98,386.71,11.70,14.57,1.39,43.33
Kuringai Wildflower Garden3,"Ku-ring-gai Wildflower Garden, near horse fields",Angophora crassifolia,mature,3,12.90,0.61,8.04,1.05,508.00,4.11,1.52,0.65,4.01,56.85,108.68,28.32,10.83,372.89,12.29,21.27,1.61,39.38
Kuringai Wildflower Garden3,"Ku-ring-gai Wildflower Garden, near horse fields",Angophora crassifolia,mature,4,10.90,0.45,4.56,0.99,514.00,5.38,0.98,0.79,4.18,68.97,249.62,32.89,13.82,337.47,11.01,24.45,2.39,47.16
Kuringai Wildflower Garden3,"Ku-ring-gai Wildflower Garden, near horse fields",Angophora crassifolia,mature,5,10.80,0.67,5.48,0.93,494.00,4.69,1.53,0.74,2.87,141.35,227.62,30.79,17.73,301.17,11.61,16.15,1.97,45.74
Kuringai Wildflower Garden3,"Ku-ring-gai Wildflower Garden, near horse fields",Xanthorrhoea media ,mature,1,6.11,0.25,9.40,0.88,459.00,5.70,0.65,0.39,2.50,23.47,82.54,<25,9.46,324.02,6.94,24.24,0.65,75.12
Kuringai Wildflower Garden3,"Ku-ring-gai Wildflower Garden, near horse fields",Xanthorrhoea media ,mature,2,6.70,0.29,11.83,0.90,463.00,6.64,0.87,0.40,2.70,17.81,86.83,<25,10.08,308.59,7.44,23.49,0.57,69.10
Kuringai Wildflower Garden3,"Ku-ring-gai Wildflower Garden, near horse fields",Xanthorrhoea media ,mature,3,5.67,0.23,9.94,0.76,460.50,6.56,0.65,1.32,1.74,13.27,119.94,<25,7.67,304.99,7.50,24.55,0.57,81.29
Kuringai Wildflower Garden3,"Ku-ring-gai Wildflower Garden, near horse fields",Xanthorrhoea media ,mature,4,5.77,0.25,9.45,1.14,468.00,6.34,0.99,0.92,2.06,20.18,65.59,<25,5.91,292.48,5.06,22.92,0.61,81.11
Kuringai Wildflower Garden3,"Ku-ring-gai Wildflower Garden, near horse fields",Xanthorrhoea media ,mature,5,6.77,0.27,8.30,0.71,474.00,8.16,1.22,1.24,1.93,9.40,111.55,<25,5.15,324.14,9.54,25.46,0.82,70.01
Kuringai Wildflower Garden3,"Ku-ring-gai Wildflower Garden, near horse fields",Banksia serrata ,mature,1,6.31,0.18,2.21,1.01,475.00,3.37,1.22,1.75,1.68,4.87,175.48,30.00,19.56,379.32,6.25,35.79,2.85,75.28
Kuringai Wildflower Garden3,"Ku-ring-gai Wildflower Garden, near horse fields",Banksia serrata ,mature,2,7.77,0.18,1.75,1.15,498.00,4.20,0.96,0.89,1.70,4.51,198.55,38.48,13.95,392.47,6.76,42.68,4.45,64.09
Kuringai Wildflower Garden3,"Ku-ring-gai Wildflower Garden, near horse fields",Banksia serrata ,mature,3,7.09,0.22,3.50,1.12,509.00,3.16,0.95,1.90,2.08,5.98,206.52,42.07,15.22,388.10,6.33,32.47,2.03,71.79
Kuringai Wildflower Garden3,"Ku-ring-gai Wildflower Garden, near horse fields",Banksia serrata ,mature,4,7.14,0.23,2.63,0.79,501.00,3.61,1.38,1.82,2.24,6.70,167.56,36.80,17.29,416.60,9.04,31.57,2.72,70.17
Kuringai Wildflower Garden3,"Ku-ring-gai Wildflower Garden, near horse fields",Banksia serrata ,mature,5,7.88,0.22,2.61,0.92,480.00,3.82,1.15,1.47,2.04,5.76,161.52,32.31,23.94,381.42,8.57,35.46,3.02,60.91
