Species,"Al (mg/kg)","Cu (mg/kg)","Fe (mg/kg)","Mn (mg/kg)","Zn (mg/kg)",S %,Na %,Mg %,Ca %,K %,"P(mg/g)"
Eucalyptus patens,145,2.1,64,267.8,9,1.178812116,1.273135856,5.266667449,7.246933833,3.437360852,0.398664456
Eucalyptus patens,84,2.5,66,161.2,16,0.88127818,3.411021177,3.26232599,4.392907934,8.394349619,0.476810085
Eucalyptus patens,87,3.6,81,157,15,0.939393277,3.046287446,3.325289696,6.593787259,5.211827284,0.505545674
Eucalyptus patens,160,2.6,85,270,6,1.303117008,1.260902941,5.463011811,7.233432686,3.461251853,0.414452003
Eucalyptus patens,79,2.5,72,160.4,18,0.88888843,3.420860363,3.269343336,4.541245705,8.292007153,0.478309239
Banksia grandis,740,1.9,138,285.6,5,0.988215184,2.18254165,1.890203759,3.251952521,3.397451456,0.380655763
Banksia grandis,1159,1.7,116,343.5,4,0.993386959,1.974344751,1.733198946,3.386546773,3.7851089,0.356089856
Banksia grandis,1078,2.4,197,390.4,6,2.039260632,2.184378833,2.115872122,7.070607237,4.255618193,0.41457061
Banksia grandis,928,2.1,132,385.4,6,1.221531944,2.370002159,2.037007019,5.592667264,3.356189754,0.342315735
Banksia grandis,1151,2.1,168,524.8,7,2.296658831,1.322183946,3.079063642,9.395703282,2.334356493,0.410165996
Banksia grandis,707,2.3,148,288,5,0.997886723,2.207398014,1.919296422,3.255066681,3.417825692,0.36698846
Banksia grandis,1348,2.2,167,357.2,4,1.100513013,1.977042556,1.904061871,3.856064103,3.904392571,0.393896628
Banksia grandis,1039,2.5,221,393.5,5,2.086640556,2.205607775,2.150382969,7.056356527,4.243510043,0.410475181
Banksia grandis,916,2.6,150,408.4,6,1.280345879,2.502700969,2.145905667,5.748125158,3.496006437,0.355667441
Banksia grandis,1098,2.3,190,546.4,6,2.402066467,1.378220273,3.158683157,9.437999062,2.409664871,0.41348432
Pteridium esculentum,123,3.7,122,73.5,14,0.935646519,1.244295234,2.90617053,3.228611221,11.91835538,0.734695106
Pteridium esculentum,94,2.5,87,65,8,0.698960248,0.926395609,1.43459495,1.517311792,9.046427322,0.520483624
Pteridium esculentum,13,5,53,68.5,29,1.410689686,0.928100499,1.710540059,2.324111765,20.54892103,1.424432665
Pteridium esculentum,68,1.9,66,88.2,7,0.639177251,0.642539922,1.407100471,1.954368074,7.438329066,0.469416347
Pteridium esculentum,49,4.6,54,48.7,15,1.195199666,0.598718597,1.737766511,1.080759,16.66567194,1.309386165
Tremandra diffusa,117,7.8,126,164.6,12,2.39435331,2.254303665,2.414667088,10.63119119,13.97166837,0.652252547
Tremandra diffusa,449,5.1,316,169.4,11,2.004366572,1.653149901,3.186365947,9.827965767,3.889684931,0.601442542
Tremandra diffusa,297,7.2,233,276.1,11,1.75604217,1.618266365,2.940483539,8.506833045,3.785454721,0.529051093
Tremandra diffusa,105,7.3,143,169.1,12,2.545238362,2.290186989,2.46932258,10.66529294,14.05218235,0.662523757
Tremandra diffusa,402,5.5,340,168.9,10,1.947649713,1.674219192,3.316980596,9.850388545,3.888521008,0.587076613
Tremandra diffusa,314,6.8,288,285,9,1.820491861,1.678350864,3.103726192,8.713065618,3.823653479,0.56069372
Bossiaea aquifolium,51,8.7,73,88.7,9,1.760569344,0.280944564,2.166450642,5.905514533,4.678137098,0.460120837
Bossiaea aquifolium,38,5.1,58,174.7,9,1.672754568,0.455681158,1.355857572,4.546284552,4.785058152,0.362438171
Bossiaea aquifolium,78,7.1,94,266.7,11,1.895265145,0.632426821,1.4818654,4.700826765,5.603933674,0.520655323
Bossiaea aquifolium,44,5.9,63,104,9,1.800555138,0.370195597,1.596832854,5.740368497,4.919787467,0.550389985
Bossiaea aquifolium,44,5,66,154.4,10,1.863017258,0.726997839,1.522486597,5.872698815,4.378804404,0.534746068
Bossiaea aquifolium,45,7.9,76,82.8,9,1.598711984,0.247909577,2.079710688,5.353432201,4.312924832,0.426130848
Bossiaea aquifolium,38,5,72,190.8,9,1.812825687,0.489016151,1.497603151,4.871998036,5.159357229,0.387876806
Bossiaea aquifolium,69,6.5,95,259.4,9,1.84720019,0.619115141,1.462811833,4.543801163,5.382652716,0.479477911
Bossiaea aquifolium,42,6.3,72,106.1,12,1.863249625,0.377467127,1.646526954,5.794149565,4.981326867,0.563478077
Bossiaea aquifolium,46,5.5,74,159.7,9,1.817225787,0.759887476,1.591506111,5.924059997,4.505798103,0.524964729
Trymalium odoratissimum,183,8.3,153,32.2,12,2.121332828,1.950221706,1.388713734,12.8120942,10.74417448,0.489542119
Trymalium odoratissimum,276,8.8,240,45,12,2.548279666,1.846133734,1.918675732,19.15165606,14.73572627,0.555950273
Trymalium odoratissimum,341,9.6,297,46.6,11,2.950713388,2.233182825,1.372915438,19.4544086,12.45242018,0.535112463
Trymalium odoratissimum,147,10,141,65.6,12,2.359622861,2.415088292,1.405646911,14.84506215,18.30065259,0.588936383
Trymalium odoratissimum,249,11.9,217,53,19,2.436119563,1.623541469,1.693889338,14.01746928,11.56341124,0.621762804
Leucopogon verticillatus,42,7.5,51,43.9,12,4.623424721,0.649605597,1.923906422,13.08416848,9.763145157,0.493070367
Leucopogon verticillatus,84,4.4,78,52.9,7,4.646699497,0.14215669,1.96706788,16.10023835,5.340804553,0.323077721
Leucopogon verticillatus,121,3.7,103,52.1,6,1.752631124,0.186977295,1.726522772,9.45739948,4.131211112,0.263753046
Leucopogon verticillatus,117,2.5,88,80,5,3.527986474,0.280119338,2.155237361,13.93856751,4.110085445,0.268130856
Leucopogon verticillatus,117,1.9,97,134.4,7,4.051982707,0.324073689,1.086941087,12.3801783,4.123635619,0.28438983
Xanthorrhoea preissii,24,0.8,26,20.7,5,0.797127767,0.564855146,1.975701685,2.859585752,16.54359577,0.383375118
Xanthorrhoea preissii,32,0.9,31,29.8,4,0.740684125,0.727176462,2.157191357,5.790883835,14.74136183,0.296390779
Xanthorrhoea preissii,19,0.9,20,16.9,5,0.669822465,0.560758588,2.191771913,6.424359408,15.22738699,0.438854008
Xanthorrhoea preissii,26,1,27,28.6,5,0.782852234,0.723580616,2.500936837,4.871350683,15.49181369,0.377796335
Xanthorrhoea preissii,24,1.2,25,13.4,6,0.768605343,0.40804976,2.368075709,5.250422578,16.54862362,0.38151998
Corymbia calophylla,72,3,58,112.8,14,0.870683254,1.912105889,3.204775519,7.60932018,8.306239641,0.43260683
Corymbia calophylla,76,2.7,60,290.1,29,0.96485136,2.596781501,4.676037105,9.173855191,7.27942926,0.532790602
Corymbia calophylla,77,3.3,56,127.6,18,0.774001613,2.987639205,2.94678499,5.357206937,5.868435969,0.462687231
Corymbia calophylla,83,3.1,75,102,14,0.977792484,2.012534673,3.340456342,7.247611444,8.269537367,0.464495218
Corymbia calophylla,88,3.1,83,288.4,24,1.063336223,2.695047469,5.037508783,9.036079694,7.112003016,0.546519603
Corymbia calophylla,82,3.2,71,135.9,17,0.920525413,3.147501636,3.150669513,5.668204074,5.911839062,0.491529264
Eucalyptus marginata,175,2.5,107,259.8,10,0.885039726,1.08461224,4.35005261,5.513320157,3.056572613,0.380113452
Eucalyptus marginata,103,3.7,77,129.1,12,0.94040893,1.725914361,4.009192041,4.106090358,4.556346013,0.368379433
Eucalyptus marginata,138,1.1,101,115.1,8,0.898642525,1.019033902,4.175009808,5.45522785,2.727144159,0.273777925
Eucalyptus marginata,167,2.6,119,211.8,9,0.913320892,1.043731693,4.466827527,5.293488147,2.995948381,0.363959843
Eucalyptus marginata,109,3.3,90,131.4,11,0.941534257,1.694966947,4.24706777,4.208443663,4.579288775,0.370380401
Eucalyptus marginata,143,1.6,117,132.7,8,0.97319568,1.110587101,4.498094709,5.913302445,2.891076546,0.288648956
Diplolaena drummondii,642,6.4,521,35.9,16,2.842380025,3.989869712,3.801731372,11.11556459,15.63370433,0.757839412
Diplolaena drummondii,381,8.6,313,18.6,21,2.65851271,3.245515491,4.460392071,12.32077892,11.57347198,0.876011077
Diplolaena drummondii,391,6.8,314,25.7,20,3.312513492,2.61571862,5.257873553,13.06553705,15.87741457,0.888096257
Diplolaena drummondii,323,10.3,276,28.9,18,3.088347014,2.458674649,5.269496761,10.90400207,13.74291336,0.932134305
Diplolaena drummondii,421,8.1,343,23.8,12,2.876060828,3.513033884,3.910425222,9.093524776,15.20590524,0.957312557
Microlaena stipoides,47,7.1,70,124.9,39,2.473176882,0.946384911,2.371571667,4.486940499,24.39713524,0.714930627
Microlaena stipoides,69,7.7,86,140.9,75,2.591381913,1.018978014,2.945857723,7.091706658,24.71282277,0.843527306
Microlaena stipoides,44,7.3,79,123.9,39,2.578950724,0.97701761,2.513433719,4.740551742,24.8888604,0.731302812
Microlaena stipoides,66,8.5,98,276,47,2.483601691,1.250984789,2.389412899,5.84610287,25.81493974,0.828062344
Microlaena stipoides,70,7.7,102,137,20,3.807686726,0.48103354,1.894776316,6.590625463,20.87420205,1.110245467
Macrozamia riedlei,31,3,33,24.5,6,0.612689989,0.262215132,1.156014067,2.578715019,5.566031603,0.578468127
Macrozamia riedlei,11,1.1,14,7,2,0.301604336,0.148415681,0.357260004,0.428879887,2.776323768,0.549439448
Macrozamia riedlei,38,3.1,43,10.4,6,0.724087679,0.43926364,1.374671866,3.614613245,5.646239915,0.620001459
Macrozamia riedlei,47,2.8,43,42.8,4,0.773090471,0.36969028,0.863369238,1.454335446,8.001918499,0.697691548
Macrozamia riedlei,75,4.2,67,34,6,1.074099636,1.202281821,1.156341069,2.729974044,4.611172754,0.77277536
Acacia drummondii,114,7,107,35.2,6,1.532322122,0.16322138,1.935597842,8.581793614,4.343320196,0.266223189
Acacia drummondii,120,3.8,97,33.1,5,1.536273386,0.114059026,1.521743536,10.23216889,3.884517477,0.301162188
Acacia drummondii,114,4.5,108,58.4,7,1.922650526,0.442952829,1.324868325,11.03811865,6.232297678,0.347963652
Acacia drummondii,101,3.6,99,45,8,1.782071763,0.402043459,1.234160603,8.677790271,5.698967176,0.353368315
Acacia drummondii,137,4.7,120,41.5,7,1.703395969,0.450094197,1.675874394,11.28238087,4.988631919,0.344375436
Mirbelia dilatata,120,4.1,109,52.4,7,1.350324911,1.230995999,1.043762785,1.604333253,4.378403655,0.303170927
Mirbelia dilatata,99,3.6,93,59.2,8,1.233712497,1.230071747,1.391795941,2.967621438,4.379344103,0.27220586
Mirbelia dilatata,77,3.4,95,68.7,9,1.376439124,2.444697038,1.481846415,2.272506692,4.480703852,0.267850731
Mirbelia dilatata,88,3.7,74,59.2,6,1.274068645,0.941789713,1.338080763,2.666067663,4.221066348,0.17182818
Mirbelia dilatata,52,2.8,53,66,17,1.454007764,1.258474716,2.468954848,8.611141533,10.26881823,0.261165343
Agrostocrinum hirsutum,23,2.6,28,32.9,11,1.3841258,1.324455021,1.658910347,4.536247197,14.83680603,0.204743857
Agrostocrinum hirsutum,32,2.7,37,42.8,10,1.075828934,2.450068797,2.363279247,6.467128612,13.06128914,0.202575333
Agrostocrinum hirsutum,18,3.1,31,33.5,13,1.297469105,1.792064082,2.590389987,6.026454641,12.49974484,0.254295937
Agrostocrinum hirsutum,64,2.3,59,67.8,22,1.314513545,1.291967079,1.834728704,9.110105775,8.233413009,0.216438162
Lasiopetalum floribundum,176,6.9,177,171.6,11,2.989371613,1.971147564,2.936293673,10.12756851,18.10104148,0.609709295
Lasiopetalum floribundum,179,6.7,175,167.2,9,1.877225557,2.566492628,1.383296563,6.368413788,14.54739661,0.376861435
Lasiopetalum floribundum,406,8.4,344,91,10,2.309421943,2.821560615,3.842990656,9.972355755,15.4805258,0.512904057
Lasiopetalum floribundum,359,6.2,304,76,12,1.98240004,2.764480657,3.251674495,8.780874829,15.31170378,0.390657245
Lasiopetalum floribundum,258,7.3,239,158.4,14,2.247648744,2.24833195,3.006751674,7.442235356,15.87917132,0.541293216
Hibbertia silvestris,467,5.2,315,132.6,11,6.378453917,0.534059821,2.693163483,14.53513932,5.002896226,0.374688822
Hibbertia silvestris,641,8.1,335,149.1,22,6.141444768,0.323378296,4.130290943,13.70443132,5.266687391,0.443452638
Hibbertia silvestris,658,6.2,371,133.3,22,7.681345729,0.620846562,5.167631096,12.47701698,7.456271161,0.41366824
Hibbertia silvestris,552,4.9,293,100.7,11,5.300335336,0.208778912,3.141162542,14.33162845,4.102647345,0.328722649
Hibbertia silvestris,424,5.9,314,101.4,13,4.586722164,0.347290932,3.177578891,12.44298756,4.720272877,0.315744423
Clematis pubescens,101,7,98,68.3,14,3.021461409,0.316036983,2.048335189,14.38061513,24.74661592,0.753855122
Clematis pubescens,91,5.9,87,74,10,3.056039343,0.196437011,2.058831896,12.27835615,21.27367997,0.709197277
Clematis pubescens,83,5.9,88,63.6,11,2.958098686,0.30140056,1.886144811,12.01990234,21.26739515,0.721601068
Clematis pubescens,74,6.9,90,87.8,26,4.359899399,0.532569029,3.042538708,21.47156617,19.53076831,0.889270885
Lepidosperma tetraquetrum,101,4.6,88,62.8,33,1.446430635,1.137585497,1.14107442,11.10064562,2.337074708,0.289807181
Lepidosperma tetraquetrum,65,2.3,50,20.3,15,2.506521223,1.365719341,0.824162459,9.343902488,10.57808077,0.26667078
Lepidosperma tetraquetrum,54,2.9,44,23.2,17,1.987503198,2.288509025,1.47557259,11.27669574,23.85448827,0.404955434
Lepidosperma tetraquetrum,56,3,45,40.7,13,1.939826244,0.832709587,0.525573552,12.29237512,18.62628873,0.275008382
Lepidosperma tetraquetrum,41,2.7,38,37.1,8,1.861792439,0.72699743,0.538774403,10.02877594,16.83253295,0.262358774
Lepidosperma tetraquetrum,76,2.2,66,20.6,15,2.613067163,1.449851738,0.915525649,9.518631995,9.958088033,0.288643362
Xanthorrhoea gracilis,48,0.7,40,10.5,4,0.691031215,0.644016651,1.111325015,3.092523192,13.21340579,0.192456388
Xanthorrhoea gracilis,49,4.2,39,24.1,8,1.470118927,0.552643477,1.257979296,6.50167585,11.6844953,0.218511354
Xanthorrhoea gracilis,56,0.9,44,26.7,6,1.130010157,0.782160199,2.188022755,7.876076386,14.92660176,0.208982954
Xanthorrhoea gracilis,30,0.8,27,14.6,6,1.151951301,0.311647418,1.330086093,4.126012082,12.84630155,0.176506338
Xanthorrhoea gracilis,36,0.6,33,30.8,5,0.865585639,0.274827607,0.721341844,2.791654097,16.62118459,0.204129528
