family,genus,species,trait,trait_value,also_known_as,pollinator_species,other info,data_type,field_notes,latitude,longitude,data_collectors,data_contact
rutaceae,zieria,baeuerlenii,flower_visitor,honeybee,Apis mellifera,Apis mellifera,,in_field_observation,ex situ potted living collection,-35.273103,149.108710,Chantelle AT Doyle,chantelle.doyle@unsw.edu.au
rutaceae,zieria,baeuerlenii,pollination_vector_possible,honeybee,Apis mellifera,Apis mellifera,,in_field_observation,ex situ potted living collection,-35.273103,149.108710,Chantelle AT Doyle,chantelle.doyle@unsw.edu.au
rutaceae,zieria,baeuerlenii,flower_visitor,ant,Formicidae,Camponotus sp.,Camponotus sp (sugar ant),in_field_observation,ex situ potted living collection,-35.273103,149.108710,Chantelle AT Doyle,chantelle.doyle@unsw.edu.au
rutaceae,zieria,baeuerlenii,flower_visitor,ant,Formicidae,Camponotus sp.,Camponotus sp (sugar ant),in_field_observation,ex situ potted living collection,-35.273103,149.108710,Chantelle AT Doyle,chantelle.doyle@unsw.edu.au
rutaceae,zieria,baeuerlenii,flower_visitor,hoverfly,Syrphidae,Melangyna sp.,Melangyna sp. (half bands),in_field_observation,ex situ potted living collection,-35.273103,149.108710,Chantelle AT Doyle,chantelle.doyle@unsw.edu.au
rutaceae,zieria,baeuerlenii,flower_visitor,fly,Diptera,Lauxaniidae,Family Lauxaniidae,in_field_observation,ex situ potted living collection,-35.273103,149.108710,Chantelle AT Doyle,chantelle.doyle@unsw.edu.au
rutaceae,zieria,baeuerlenii,flower_visitor,fly,Diptera,Calliphora sp.,Calliphora sp. (blowfly),in_field_observation,ex situ potted living collection,-35.273103,149.108710,Chantelle AT Doyle,chantelle.doyle@unsw.edu.au
rutaceae,zieria,baeuerlenii,pollination_syndrome,biotic,,,based on floral morphology ,,,,,Chantelle AT Doyle,chantelle.doyle@unsw.edu.au
rutaceae,zieria,baeuerlenii,pollination_syndrome,insect,,,based on floral morphology,,,,,Chantelle AT Doyle,chantelle.doyle@unsw.edu.au
