code,plant_species,flower_colour_blue_purple,flower_colour_red,flower_colour_pink,flower_colour_white,flower_colour_green,flower_colour_yellow,flower_type_brush,flower_type_long_tube,flower_type_medium_tube,flower_type_short_tube,flower_type_bell_cup,corolla_width_constricted,corolla_width_narrow,corolla_width_wide,nectar
Ac,Acrotriche cordata,0,0,0,0,1,1,0,0,0,1,0,1,0,0,1
Aci,Astroloma ciliatum,1,1,0,0,0,0,0,1,0,0,0,1,0,0,1
Aco,Astroloma conostephioides,0,1,0,0,0,0,0,1,0,0,0,1,0,0,1
Acom,Astroloma compactum,0,1,0,0,0,0,0,1,0,0,0,0,1,0,1
Adr,Astroloma drummondii,0,1,0,0,0,0,0,1,0,0,0,1,0,0,1
Ae,Astroloma epacridis,0,1,1,1,0,0,0,1,0,0,0,0,1,0,1
Afo,Astroloma foliosum,0,1,0,0,0,0,0,1,0,0,0,0,1,0,1
Ag,Andersonia grandiflora,0,1,0,0,0,0,0,1,1,0,0,0,1,0,1
Agl,Astroloma glaucescens,0,1,0,0,0,0,0,1,0,0,0,1,0,0,1
Ah,Andersonia heterophylla,0,0,1,1,0,0,0,0,0,1,1,0,0,1,1
Am,Andersonia micrantha,0,0,0,1,0,0,0,0,0,1,0,0,0,1,1
Ama,Astroloma macrocalyx,0,0,0,1,0,0,0,1,0,0,0,1,0,0,1
Ami,Astroloma microcalyx,0,1,0,1,0,0,0,1,0,0,0,1,0,0,1
Apa,Astroloma pallidum,0,1,1,1,0,0,0,1,1,0,0,1,0,0,1
Apr,Astroloma prostratum,0,1,1,0,1,1,0,1,0,0,0,1,0,0,1
Ase,Andersonia setifolia,0,1,0,1,0,0,1,0,1,0,0,0,0,1,1
Aser,Astroloma serratifolium,0,1,1,0,0,0,0,1,0,0,0,1,0,0,1
Asp,Andersonia sprengeloides,1,0,1,0,0,0,0,0,1,0,0,0,0,1,1
Ax,Astroloma xerophyllum,0,0,0,1,0,0,0,1,0,0,0,1,0,0,1
Bd,Brachyloma daphnoides,0,0,0,1,0,0,0,0,1,1,0,0,0,1,1
Be,Brachyloma ericoides,0,0,1,1,0,0,0,0,0,1,0,1,1,0,1
Bp,Brachyloma preissii,0,1,1,0,0,0,0,0,0,1,0,0,0,1,1
Cd,Conostephium drummondii,1,1,1,1,0,0,0,1,0,0,0,1,0,0,1
Cg,Cyathodes glauca,0,0,0,1,0,0,0,0,1,0,0,0,1,0,1
Cm,Coleanthera myrtoides,1,0,1,1,0,0,0,0,0,0,1,0,0,1,0
Cmi,Conostephium minus,0,1,1,0,0,0,0,0,1,0,0,1,0,0,1
Cp,Conostephium pendulum,1,1,0,1,0,0,0,0,0,0,0,1,0,0,1
Cr,Conostephium roei,1,0,1,0,1,0,0,1,0,0,0,1,0,0,1
Cru,Cosmelia rubra,0,1,0,0,0,0,0,0,0,0,0,0,0,1,1
Cs,Cyathodes straminea,0,0,0,1,0,0,0,0,1,1,0,0,1,0,1
Da,Dracophyllum acerosum,0,0,0,1,0,0,0,1,1,0,0,0,0,1,1
Dac,Dracophyllum acicularifolium,0,0,0,1,0,0,0,0,1,0,0,0,0,1,1
Dm,Dracophyllum minimum,0,0,0,1,0,0,0,0,0,1,0,0,0,1,1
Dp,Dracophyllum pronum,0,0,0,1,0,0,0,0,0,1,1,0,0,1,1
Dr,Dracophyllum rosmarinifolium,0,0,0,1,0,0,0,0,1,0,0,0,0,1,1
Dra,Dracophyllum ramosum,0,0,0,1,0,0,0,0,1,0,0,1,0,0,1
Du,Dracophyllum uniflorum,0,0,0,1,0,0,0,0,1,0,0,0,0,1,1
Ec,Epacris corymbifolia,0,0,0,1,0,0,0,0,1,1,0,0,0,1,1
Ei,Epacris impressa,0,1,1,1,0,0,0,1,1,0,0,0,0,1,1
El,Epacris lanuginosa,0,0,0,1,0,0,0,0,1,0,0,0,0,1,1
Em,Epacris marginata,0,0,0,1,0,0,0,0,0,1,0,0,0,1,1
Ep,Epacris paludosa,0,0,0,1,0,0,0,0,0,1,0,0,0,1,1
Epe,Epacris petrophila,0,0,0,1,0,0,0,0,0,0,1,0,0,1,1
Es,Epacris serpyllifolia,0,0,0,1,0,0,0,0,0,1,0,0,0,1,1
Est,Epacris stuartii,0,0,0,1,0,0,0,0,0,1,0,0,0,1,1
La,Leucopogon australis,0,0,0,1,0,0,0,0,0,0,1,0,0,1,1
Lc,Leucopogon capitellatus,0,0,0,1,0,0,0,0,0,1,1,1,0,0,1
Lci,Lysinema ciliatum,0,0,1,1,0,0,0,1,0,0,0,1,0,0,1
Lco,Leucopogon collinus,0,0,0,1,0,0,0,0,0,0,1,0,0,1,1
Ld,Leptecophylla divaricata,0,0,0,1,0,0,0,0,1,0,0,0,0,1,1
Le,Leucopogon ericoides,0,0,1,1,0,0,0,0,0,1,1,0,0,1,1
Lel,Lysinema elegans,0,0,0,1,0,0,0,1,0,0,0,0,1,0,1
Lf,Lysinema fimbriatum,0,0,0,1,0,0,0,1,0,0,0,1,0,0,1
Ljj,Leptecophylla juniperina subsp. juniperina,0,0,0,1,0,0,0,0,0,1,0,0,0,1,1
Ljp,Leptecophylla juniperina subsp. parvifolia,0,0,0,1,0,0,0,0,1,0,0,0,0,1,1
Ll,Leucopogon lanceolatus,0,0,0,1,0,0,0,0,0,0,1,0,0,1,1
Lm,Leucopogon montanus,0,0,0,1,0,0,0,0,1,1,0,0,0,1,1
Ln,Leucopogon nutans,0,0,0,1,0,0,0,1,0,0,0,0,0,1,1
Lp,Leucopogon parviflorus,0,0,0,1,0,0,0,0,0,1,0,0,0,1,1
Ls,Lissanthe strigosa,0,0,1,1,0,0,0,0,0,1,0,0,1,0,1
Lv,Leucopogon verticillatus,0,1,1,0,0,0,0,0,1,1,0,0,1,0,1
Lvi,Leucopogon virgatus,0,0,0,1,0,0,0,0,0,0,1,0,0,1,1
Md,Cyathodes dealbata,0,0,0,1,0,0,0,0,1,0,0,0,0,1,1
Me,Monotoca elliptica,0,0,0,1,0,0,0,0,0,1,0,0,0,1,1
Mem,Monotoca empetrifolia,0,0,0,1,0,0,0,0,0,0,1,0,0,1,1
Mg,Monotoca glauca,0,0,0,1,0,0,0,0,0,0,1,0,0,1,1
Ms,Monotoca submutica,0,0,0,1,0,0,0,0,0,0,1,0,0,1,1
Mt,Monotoca tamariscina,0,0,0,1,1,0,0,0,0,1,1,0,0,1,0
Np,Needhamiella pumilio,0,1,1,1,0,0,0,0,0,1,1,1,0,0,1
Pc,Prionotes cerinthoides,0,1,0,0,0,0,0,1,0,0,0,0,0,1,1
Pi,Pentachondra involucrata,0,0,1,1,0,0,0,0,1,0,0,0,1,0,1
Pp,Pentachondra pumila,0,1,0,1,0,0,0,0,0,1,0,0,1,0,1
Ra,Richea acerosa,0,0,1,1,0,0,1,0,0,0,0,0,0,0,1
Rc,Richea contentinalis,0,0,0,1,0,0,1,0,0,0,0,0,0,0,1
Rd,Richea dracophylla,0,0,0,1,0,0,1,0,0,0,0,0,0,0,1
Rm,Richea milliganii,0,0,0,0,0,1,1,0,0,0,0,0,0,0,1
Rp,Richea pandanifolia,0,1,0,0,0,0,1,0,0,0,0,0,0,0,1
Rpr,Richea procera,0,0,0,0,0,1,1,0,0,0,0,0,0,0,0
Rs,Richea scoparia,0,1,1,1,0,0,1,0,0,0,0,0,0,0,1
Rsp,Richea sprengelioides,0,0,0,1,0,0,1,0,0,0,0,0,0,0,0
Sh,Styphelia hainesii,0,1,0,0,1,0,0,1,0,0,0,0,1,0,1
Si,Spengelia incarnata,0,0,1,1,0,0,0,0,0,0,1,0,0,1,0
Sp,Spengelia propinqua,0,0,0,1,0,0,0,0,0,0,1,0,0,1,0
St,Styphelia tenuifolia,0,0,0,1,0,0,0,1,0,0,0,0,1,0,1
Tc,Trochocarpa cunninghamii,0,0,1,1,0,0,0,0,0,1,0,0,0,1,1
Tg,Trochocarpa gunnii,0,0,0,1,0,0,0,0,0,0,1,0,0,1,1
Tt,Trochocarpa thymifolia,0,1,1,0,0,0,0,0,0,0,1,0,0,1,1
Total,Total,6,28,23,66,4,4,9,24,19,28,21,23,14,43,81
