Sample,Scientific Name,Genus,common name,Family,Habit,LH,LHep,LHae,Pend,Location,Leaf area (to be used for LMA),Leaf area (to be used for LMA) per leaflet,Leaf area (approximated total area),Leaf area (approximated total area)  per leaflet,Leaf Length,Leaf width,Leaf thickness,Leaf wet weight (petiole attached),Leaf wet weight (petiole attached) per leaflet,Leaf dry weight (petiole attached),Leaf dry weight (petiole attached) per leaflet,Leaf wet weight (petiole removed) per leaflet,Leaf dry weight (petiole removed) per leaflet,Petiole length,Petiole length per leaflet,Petiole width (adjoining leaf blade),Petiole width (adjoining leaf blade) per leaflet,Petiole width (adjoining plant stem),Petiole width (adjoining plant stem) per leaflet,Leaf Mass Per Area (LMA g/m-2) PETIOLE ATTACHED,Leaf Mass Per Area (LMA)_Leaflets PETIOLE ATTACHED,Percent Water Content (WC),Percent Water Content (WC)_Leaflets,Leaf Mass Per Area (LMA g/m-2) PETIOLE REMOVED,Leaf Mass Per Area (LMA)_Leaflets PETIOLE REMOVED,VIS %R (460-680nm),NIR %R (750-1050nm),Dip Slope est. (940nm minus 980nm),DIP Slope est. zeroed to removed minus values,DIPz,Total reflectance (460-1050nm)
1,Pimelea microcephala subsp. Microcephala,Pimelea,"Shrubby Rice-flower, Mallee Rice-flower",Thymelaeaceae,2,3,2,2,1,3,46.55074,NA,53.84926667,NA,20.7616,3.295933333,0.3514,0.01248,NA,0.00376,NA,NA,NA,0.001,NA,0.900933333,NA,NA,NA,80.10826059,NA,69.46424622,NA,NA,NA,11.97660181,68.05689517,1.206,3.1,3.1,43.47760034
2,Wahlenbergia fluminalis,Wahlenbergia,River Bluebell,Campanulaceae,1,2,2,1,1,3,107.4948,NA,107.4948,NA,42.6812,3.282533333,0.212,0.021666667,NA,0.005,NA,NA,NA,0.001,NA,0.734733333,NA,NA,NA,46.9280426,NA,76.40565616,NA,NA,NA,10.16566916,54.58129118,-1.892,0,0.01,35.05277739
3,Dodonaea viscosa subsp. spathulata,Dodonaea,Hop-bush,Sapindaceae,2,3,2,2,1,3,220.0064667,NA,220.0064,NA,36.6456,10.243,0.218,0.059533333,NA,0.025933333,NA,NA,NA,0.001,NA,0.9976,NA,NA,NA,121.2285512,NA,56.01326578,NA,NA,NA,3.727919274,61.72110316,-0.22,1.67,1.67,35.95039517
4,Calostemma purpureum,Calostemma,Garland Lily,Amaryllidaceae,1,2,2,1,1,3,3470.254467,NA,3470.254467,NA,366.6066,10.14006667,1.134,2.570266667,NA,0.2304,NA,NA,NA,0.001,NA,8.897266667,NA,NA,NA,66.19074088,NA,90.95041516,NA,NA,NA,6.398919728,68.16296672,3.251,5.14,5.14,41.18738747
5,Chenopodium desertorum subsp. anidiophyllum,Chenopodium,Mallee Goosefoot,Chenopodiaceae,2,3,2,2,1,3,237.1957333,NA,245.7236,NA,16.69393333,17.42506667,0.235333333,0.069466667,NA,0.016866667,NA,NA,NA,15.13333333,NA,1.6466,NA,0.857333333,NA,71.4119654,NA,75.60306265,NA,NA,NA,17.43416848,72.76648586,1.654,3.54,3.54,48.59176063
6,Pittosporum angustifolium,Pittosporum,"Weeping Pittosporum, Butterbush, Berrigan",Pittosporaceae,3,3,2,2,2,3,432.5774667,NA,1259.025267,NA,88.00106667,5.832266667,0.528666667,0.180666667,NA,0.070333333,NA,NA,NA,10.15433333,NA,1.212466667,NA,1.138533333,NA,169.8237188,NA,61.13274719,NA,NA,NA,6.735762358,67.73022463,0.955,2.85,2.85,40.76533531
7,Enchylaena tomentosa,Enchylaena,Ruby Saltbush,Chenopodiaceae,2,3,2,2,1,5,32.32478,NA,37.54746667,NA,17.70013333,2.104733333,1.1614,0.0195,NA,0.00246,NA,NA,NA,0.001,NA,0.8108,NA,NA,NA,83.08090196,NA,86.93181818,NA,NA,NA,11.58871973,64.48100333,6.302,8.19,8.19,41.04643963
8,Eucalyptus camaldulensis ssp. Obtusa,Eucalyptus,Blunt-budded River Red Gum,Myrtaceae,3,3,2,2,2,3,2168.636467,NA,2174.285467,NA,114.7354,27.4434,0.362666667,0.9234,NA,0.433333333,NA,NA,NA,16.66666667,NA,2.079333333,NA,2.235333333,NA,199.2986505,NA,52.97446411,NA,192.6231627,NA,19.78371429,64.15136439,1.395,3.29,3.29,44.35718713
9,Solanum ellipticum,Solanum,"Potato Bush, Potato Weed",Solanaceae,1,3,2,2,1,5,1929.706867,NA,1958.928133,NA,73.93926667,32.6274,0.786,0.772866667,NA,0.2024,NA,NA,NA,27.66666667,NA,3.372666667,NA,2.909,NA,105.2515065,NA,73.81480821,NA,93.00030682,NA,45.64070748,88.48714309,1.927,3.82,3.82,69.37456816
10,Eremophila longifolia,Eremophila,"Berrigan, Emubush",Myoporaceae,3,3,2,2,2,3,373.1182667,NA,373.1182667,NA,119.9789333,4.173333333,0.524666667,0.191866667,NA,0.05,NA,NA,NA,0.001,NA,1.189666667,NA,NA,NA,135.2681729,NA,73.9904541,NA,NA,NA,10.1563424,63.01418636,1.705,3.6,3.6,39.58118679
11,Boerhavia dominii,Boerhavia,Tarvine,Nyctaginaceae,1,2,2,1,1,3,246.5176,NA,246.5924,NA,22.168,13.23373333,0.278,0.0718,NA,0.015266667,NA,NA,NA,6.566666667,NA,1.5304,NA,1.087266667,NA,63.30021669,NA,78.06498685,NA,NA,NA,7.979981406,65.23927787,0.436,2.33,2.33,39.73467604
12,Tetragonia tetragonioides,Tetragonia,"New Zealand Spinach, Native Spinach",Aizoaceae,1,1,1,1,1,3,2841.7294,NA,2873.480333,NA,85.64006667,48.71926667,0.641333333,1.848933333,NA,0.107133333,NA,NA,NA,26.73333333,NA,4.152533333,NA,4.210466667,NA,37.40104836,NA,94.23177634,NA,31.81352567,NA,8.700712472,64.72802995,2.482,4.37,4.37,40.16873827
13,Abutilon leucopetalum,Abutilon,Lantern,Malvaceae,2,3,2,2,1,3,3526.813933,NA,3614.212733,NA,67.77653333,61.97566667,0.181333333,0.676733333,NA,0.230866667,NA,NA,NA,56.2,NA,2.204166667,NA,2.7405,NA,63.57654885,NA,66.17895863,NA,53.22995397,NA,13.10860181,64.81424626,-0.198,1.69,1.69,42.10255419
14,Sida petrophila,Sida,Rock Sida,Malvaceae,2,2,2,1,1,4,1261.926,NA,1284.927467,NA,66.66546667,21.36533333,0.52,0.3776,NA,0.139466667,NA,NA,NA,12.86666667,NA,2.034666667,NA,1.938733333,NA,111.2945119,NA,62.95507151,NA,106.8927229,NA,28.21787075,72.60295341,0.862,2.75,2.75,52.94807875
15,Callitris glaucophylla,Callitris,White Cypress Pine,Cyperaceae,3,3,2,2,1,4,382.0036,NA,382.0036,NA,19.13993333,0.794333333,0.691333333,0.1898,NA,0.085533333,NA,NA,NA,0.001,NA,0.987133333,NA,NA,NA,289.3816787,NA,54.72491535,NA,NA,NA,25.48068254,90.23726123,3.264,5.15,5.15,61.86185182
16,Ptilotus obovatus var. obovatus,Ptilotus,"Silver Tails, Smoke Bush, Cotton Bush",Amaranthaceae,2,3,2,2,1,4,511.3302,NA,511.3302,NA,29.2666,23.3916,0.442666667,0.143666667,NA,0.04,NA,NA,NA,5.566666667,NA,1.841866667,NA,1.537933333,NA,78.30802281,NA,72.22679369,NA,NA,NA,25.54064853,87.24024958,2.342,4.23,4.23,60.10139289
17,Casuarina pauper,Casuarina,"Black Oak, Belah",Casuarinaceae,3,3,2,2,2,4,229.4964,NA,229.4964,NA,160.3153333,1.118866667,1.144666667,0.190066667,NA,0.105133333,NA,NA,NA,0.001,NA,1.042466667,NA,NA,NA,449.0400383,NA,44.34934584,NA,NA,NA,19.36439427,86.17933828,3.105,4.99,4.99,55.01784764
18,Santalum lanceolatum,Santalum,Northern Sandalwood,Santalaceae,3,3,2,2,1,3,445.7442,NA,446.2642667,NA,68.7234,8.475133333,0.578,0.251133333,NA,0.1342,NA,NA,NA,5.3,NA,1.080933333,NA,1.076266667,NA,188.1234483,NA,66.57525788,NA,NA,NA,15.72695465,63.50286689,2.513,4.4,4.4,42.52733954
19,Acacia victoriae,Acacia,"Elegant Wattle, Prickly Wattle, Gundabluie",Fabaceae - Mimosoideae,2,3,2,2,1,3,106.6122667,NA,106.6122667,NA,30.4202,3.7932,0.412,0.039133333,NA,0.0174,NA,NA,NA,0.001,NA,0.862533333,NA,NA,NA,163.3329662,NA,55.0274066,NA,NA,NA,18.81102494,69.56097837,0.102,1.99,1.99,46.89858425
20,Myoporum montanum,Myoporum,"Western Boobialla, Water Bush",Myoporaceae,2,3,2,2,2,3,1288.600733,NA,1288.600733,NA,100.5221333,18.85513333,0.536666667,0.6614,NA,0.126066667,NA,NA,NA,5.866666667,NA,1.8824,NA,2.086533333,NA,99.13179057,NA,80.59433415,NA,96.1232077,NA,5.217666213,55.98092346,1.742,3.63,3.63,33.4664
21,Scaevola spinescens,Scaevola,"Maroon Bush, Fan Bush, Prickly Fan Flower",Goodeniaceae,2,3,2,2,1,4,31.56862,NA,34.269,NA,15.21293333,2.744533333,0.390666667,0.0093,NA,0.004,NA,NA,NA,0.001,NA,0.8152,NA,NA,NA,126.9217437,NA,57.10481948,NA,NA,NA,15.37728662,69.17121963,0.536,2.43,2.43,45.52668366
22,Grevillea striata,Grevillia,"Beefwood, Silver Honeysuckle",Proteaceae,3,3,2,2,2,5,1131.884667,NA,1135.6609330000001,NA,227.7361333,5.230266667,0.686,0.614533333,NA,0.3816,NA,NA,NA,6.8,NA,1.6646,NA,2.157933333,NA,337.7294989,NA,38.09093591,NA,326.3834029,NA,7.541241723,69.35244093,1.926,3.82,3.82,42.06592278
23,Flindersia maculosa,Flindersia,"Leopardwood, Leopard Tree",Rutaceae,3,3,2,2,2,4,268.4099333,NA,269.7358,NA,37.65413333,8.604,0.370666667,0.089133333,NA,0.044466667,NA,NA,NA,4.066666667,NA,0.872,NA,0.947133333,NA,170.0618298,NA,50.14745055,NA,NA,NA,12.79771882,94.47261897,1.997,3.89,3.89,58.75420762
24,Ptilotus nobilis var. nobilis,Ptilotus,"Yellowtails, Regal Foxtail",Amaranthaceae,1,3,2,2,1,4,2762.9202,NA,2774.479467,NA,96.7126,45.52506667,0.656666667,1.947666667,NA,0.271866667,NA,NA,NA,0.001,NA,3.5242,NA,NA,NA,99.36378925,NA,85.83034539,NA,NA,NA,9.785817007,58.72722463,3.906,5.8,5.8,37.21445944
25,Zygophyllum iodocarpum,Zygophyllum,Violet Twinleaf,Zygophyllaceae,1,1,1,1,1,4,579.5576667,NA,580.4306667,NA,22.53486667,14.15013333,0.708,0.4286,NA,0.047,NA,NA,NA,19.13333333,NA,1.778266667,NA,2.092933333,NA,80.30741006,NA,88.84342022,NA,69.79916468,NA,6.956438776,59.42704659,4.29,6.18,6.18,36.54206808
26,Pterocaulon sphacelatum,Pterocaulon,"Fruit-salad Plant, Applebush",Asteraceae,1,1,1,1,1,3,543.6908667,NA,544.3786667,NA,57.0506,12.73753333,0.222666667,0.1304,NA,0.029133333,NA,NA,NA,0.001,NA,1.309066667,NA,NA,NA,54.35224634,NA,77.62016396,NA,NA,NA,11.13056621,75.63185358,-0.511,1.38,1.38,47.14776571
27,Calotis cuneifolia,Calotis,Purple Burr-daisy,Asteraceae,1,2,2,1,1,3,201.616,NA,201.6159333,NA,18.4822,12.90786667,0.211333333,0.041733333,NA,0.006733333,NA,NA,NA,8.533333333,NA,1.1824,NA,NA,NA,34.33730193,NA,82.92956567,NA,NA,NA,8.47417483,65.37941098,-0.06,1.83,1.83,40.30974496
28,Indigofera australis,Indigofera,"Australian Indigo, Duwabili (D'harawal)",Fabaceae - Faboideae,2,3,2,2,1,3,199.82192,NA,197.7338,NA,33.25466667,7.3442,0.208,0.04564,NA,0.0142,NA,NA,NA,2,NA,0.729133333,NA,NA,NA,71.37126704,NA,67.23511345,NA,NA,NA,11.45654082,69.90433278,1.409,3.3,3.3,44.10743345
29,Portulaca oleraceae,Portulaca,"Pigweed, Munyeroo, Purslane",Portulacaceae,1,1,1,1,1,3,83.85148,NA,103.5773333,NA,19.96066667,5.840866667,1.238,0.06838,NA,0.004728889,NA,NA,NA,2.1,NA,1.350133333,NA,NA,NA,56.78457452,NA,92.83944374,NA,NA,NA,14.71315283,72.97718968,4.502,6.39,6.39,47.38765064
30,Rhodanthe troedelii,Rhodanthe,Rhodanthe,Asteraceae,1,1,1,1,1,5,70.62836,NA,76.68666667,NA,27.0358,3.262066667,0.257333333,0.01838,NA,0.00416,NA,NA,NA,0.001,NA,1.2964,NA,NA,NA,58.53698423,NA,77.18780115,NA,NA,NA,13.84957384,72.95790801,0.457,2.35,2.35,45.32864034
31,Sida corrugata,Sida,"Corrugated Sida, Variable Sida",Malvaceae,1,2,2,1,1,5,293.8598,NA,293.8598,NA,17.52233333,16.64693333,0.228666667,0.077333333,NA,0.0194,NA,NA,NA,9.933333333,NA,0.974333333,NA,0.929466667,NA,65.43562908,NA,74.77260243,NA,NA,NA,11.23682133,74.09157864,1.261,3.15,3.15,44.61243047
32,Lepidium phlebopetalum,Lepidium,"Veined Peppercress, Veined Peppercress",Brassicaceae,1,1,1,1,1,5,66.43208,NA,67.1176,NA,25.72566667,2.952466667,0.756666667,0.03952,NA,0.0042,NA,NA,NA,0.001,NA,0.661933333,NA,NA,NA,65.26170115,NA,88.88433703,NA,NA,NA,10.34265179,66.43407122,5.353,7.24,7.24,40.31138498
33,Alectryon oleifolius subsp. elongatus,Alectryon,"Western Rosewood, Bonaree",Sapindaceae,3,3,2,2,2,5,624.0184,NA,663.2739333,NA,75.2582,10.49093333,0.476666667,0.317133333,NA,0.1574,NA,NA,NA,5.933333333,NA,1.343733333,NA,1.676666667,NA,241.4219188,NA,50.53862532,NA,NA,NA,27.0283172,80.11006825,1.843,3.73,3.73,55.30781116
34,Convolvulus erubescens,Convolvulus,Blushing Bindweed,Convolvulaceae,1,3,2,2,1,5,462.1381333,NA,462.1381333,NA,38.7208,12.23713333,0.212666667,0.103733333,NA,0.0242,NA,NA,NA,12.93333333,NA,0.939533333,NA,0.8554,NA,50.48826948,NA,77.11191919,NA,NA,NA,11.15406631,72.46642136,1.275,3.16,3.16,43.90972031
35,Maireana pyramidata,Maireana,"Black Bluebush, Shrubby Bluebush",Chenopodiaceae,2,3,2,2,1,5,8.28641,NA,8.5128,NA,4.364333333,2.031933333,1.606666667,0.00963,NA,0.00134,NA,NA,NA,0.001,NA,0.6984,NA,NA,NA,162.1446113,NA,85.82340837,NA,NA,NA,24.25976644,76.5898802,6.173,8.06,8.06,53.63204996
36,Goodenia havilandii,Goodenia,Hill Goodenia,Goodeniaceae,1,1,1,1,1,5,154.3184667,NA,154.3184667,NA,57.2624,2.625866667,0.494,0.050933333,NA,0.016266667,NA,NA,NA,0.001,NA,1.093733333,NA,NA,NA,106.4725042,NA,67.42068269,NA,NA,NA,18.06626077,71.77561398,1.592,3.48,3.48,48.28431499
37,Atriplex holocarpa,Atriplex,Pop Saltbush,Chenopodiaceae,1,1,1,1,1,5,377.3976,NA,377.5384,NA,23.71433333,16.64553333,0.312,0.126333333,NA,0.025333333,NA,NA,NA,8.166666667,NA,3.3996,NA,0.9376,NA,67.45017729,NA,76.23357905,NA,NA,NA,27.15368934,76.73851747,1.605,3.5,3.5,54.83188484
38,Eremophila duttonii,Eremophila,"Budda, Harlequin Fuchsia Bush",Myoporaceae,2,3,2,2,1,5,172.2151333,NA,172.2151333,NA,36.50646667,5.981733333,0.485333333,0.224133333,NA,0.020666667,NA,NA,NA,0.001,NA,1.434933333,NA,NA,NA,120.2101277,NA,74.82526761,NA,NA,NA,9.872657143,67.05677371,2.15,4.04,4.04,41.94223768
39,Senna artemisioides subsp. filifolia,Senna,Desert Cassia,Fabaceae - Caesalpinioideae,2,3,2,2,1,1,246.6552667,NA,246.6552667,NA,42.25533333,0.976533333,0.9322,0.1548,NA,0.066266667,NA,NA,NA,0.001,NA,1.1086,NA,NA,NA,272.0735767,NA,56.85201486,NA,NA,NA,22.39245578,90.78242263,1.989,3.88,3.88,60.49879763
40,Acacia aneura,Acacia,Mulga,Fabaceae - Mimosoideae,3,3,2,2,1,1,122.1285333,NA,122.1285333,NA,63.09746667,1.7956,0.8796,0.135933333,NA,0.0342,NA,NA,NA,0.001,NA,0.8682,NA,NA,NA,278.3857143,NA,54.20872489,NA,NA,NA,13.78073673,62.99948087,1.742,3.63,3.63,41.20718789
41,Arabidella trisecta,Arabidella,Shrubby Cress,Brassicaceae,2,2,2,1,1,1,41.47178,NA,46.64393333,NA,27.50013333,0.852133333,0.496,0.0146,NA,0.00356,NA,NA,NA,0.001,NA,0.699533333,NA,NA,NA,89.00436146,NA,75.31573666,NA,NA,NA,15.88922222,71.457154739999993,1.486,3.38,3.38,47.3204801
42,Dissocarpus paradoxus,Dissocarpus,Cannonball Burr,Chenopodiaceae,2,1,1,1,1,5,24.17982,NA,26.1504,NA,11.70226667,2.279933333,1.4104,0.01974,NA,0.00284,NA,NA,NA,0.001,NA,0.771933333,NA,NA,NA,117.6670263,NA,85.5273606,NA,NA,NA,19.57726757,62.68843594,4.117,6.01,6.01,43.61886622
43,Erodium crinitum,Erodium,"Blue Storksbill, Blue Crowfoot",Geraniaceae,1,1,1,1,1,5,1271.786933,NA,1272.564267,NA,42.27913333,13.00466667,0.399333333,0.7256,NA,0.143666667,NA,NA,NA,79,NA,1.782066667,NA,2.5036,NA,110.8640857,NA,80.23553551,NA,84.00995308,NA,16.13078685,86.88493511,2.897,4.79,4.79,55.86295343
44,Leiocarpa tomentosa,Leiocarpa,Woolly Plover-daisy,Asteraceae,1,3,2,2,1,5,141.9161333,NA,141.9161333,NA,27.43933333,5.822866667,0.32,0.039933333,NA,0.007333333,NA,NA,NA,0.001,NA,3.6518,NA,NA,NA,49.82496688,NA,82.18174654,NA,NA,NA,16.28765079,70.17079035,1.952,3.84,3.84,46.59432854
45,Euphorbia parvicaruncula,Euphorbia,Rough-seeded Spurge,Euphorbiaceae,1,1,1,1,1,5,277.7107333,NA,277.7107333,NA,34.707,9.100533333,0.366666667,0.096466667,NA,0.017133333,NA,NA,NA,8.066666667,NA,0.9692,NA,1.060933333,NA,61.95663027,NA,81.8377674,NA,NA,NA,12.34947347,72.65099501,2.35,4.24,4.24,46.15491804
46,Heliotropium europaeum,Heliotropium,Potato Weed,Boraginaceae,1,1,1,1,1,5,861.2148667,NA,902.4903333,NA,48.67453333,24.732,0.315333333,0.332933333,NA,0.0654,NA,NA,NA,13.2,NA,1.526933333,NA,1.722466667,NA,74.29789784,NA,80.28918711,NA,NA,NA,10.63003084,72.87503827,3.16,5.05,5.05,45.61574259
47,Plantago debilis,Plantago,Plantain,Plantaginaceae,1,2,2,1,1,5,766.7740667,NA,770.0856,NA,74.01946667,16.281,0.752666667,0.5452,NA,0.069866667,NA,NA,NA,0.001,NA,3.9174,NA,NA,NA,94.23078613,NA,86.62098812,NA,NA,NA,10.20598707,59.96882529,3.904,5.79,5.79,38.29579619
48,Calandrinia ptychosperma,Calandrinia,Creeping Parakeelya,Portulacaceae,1,1,1,1,1,3,196.4504,NA,196.4504,NA,60.18206667,3.7722,1.552666667,0.222666667,NA,0.005733333,NA,NA,NA,0.001,NA,0.8554,NA,NA,NA,27.01828234,NA,97.57442419,NA,NA,NA,15.39917687,62.62933777,8.69,10.58,10.58,42.55018628
49,Alternanthera denticulata,Alternanthera,Lesser Joyweed,Amaranthaceae,1,2,2,1,1,3,289.9188667,NA,290.7464667,NA,57.80306667,6.591533333,0.188666667,0.056333333,NA,0.008533333,NA,NA,NA,0.001,NA,0.848,NA,NA,NA,29.15914928,NA,84.66233364,NA,NA,NA,8.165150567,68.76526955,0.898,2.79,2.79,42.14103853
50,Ajuga australis,Ajuga,Austral Bugle,Lamiaceae,1,3,2,2,1,3,1878.125067,NA,1889.642867,NA,81.19006667,28.264,0.253333333,0.705466667,NA,0.0932,NA,NA,NA,26.2,NA,2.694866667,NA,2.822333333,NA,49.62630522,NA,86.5156249,NA,45.62986039,NA,10.1037483,64.19964226,0.884,2.77,2.77,40.63972134
51,Chenopodium melanocarpum,Chenopodium,Black Crumbweed,Chenopodiaceae,1,1,1,1,1,3,291.9254667,NA,292.2316,NA,26.10373333,13.63666667,0.182666667,0.078,NA,0.011866667,NA,NA,NA,18.13333333,NA,0.8334,NA,0.705666667,NA,41.46629714,NA,84.62146681,NA,NA,NA,11.55812676,73.40908819,1.472,3.36,3.36,46.54648247
52,Cassinia laevis,Cassinia,"Cough Bush, Dead Finish",Asteraceae,2,3,2,2,1,4,17.00839,NA,19.44213333,NA,19.85606667,0.854666667,0.357333333,0.00444,NA,0.00178,NA,NA,NA,0.001,NA,0.542066667,NA,NA,NA,103.0634015,NA,59.63079113,NA,NA,NA,12.98615601,85.72451414,1.013,2.9,2.9,53.65392955
53,Senecio sp. (aff. Cunnighammii),Senecio,NA,Asteraceae,2,3,2,2,1,3,502.5535333,NA,502.5535333,NA,57.45973333,10.84206667,0.448666667,0.2434,NA,0.046933333,NA,NA,NA,0.001,NA,2.450066667,NA,NA,NA,93.57456677,NA,80.70848219,NA,NA,NA,21.93731293,68.37466722,2.456,4.35,4.35,47.7817409
54,Cullen australasicum,Cullen,"Native Scurf-pea, Native Verbine",Fabaceae - Faboideae,1,1,1,1,1,3,4004.249,1334.749667,4031.388267,1343.796089,62.28606667,36.86486667,0.278,1.2452,0.415066667,0.367333333,0.122444444,0.377488889,0.110222222,57.46666667,1.692866667,1.485,1.391533333,2.2584,1.2752,92.07213891,NA,69.60669414,69.60669414,82.71691427,82.71691427,10.02452426,63.77174542,1.473,3.36,3.36,39.98473328
55,Solanum chenopodinum,Solanum,NA,Solanaceae,2,3,2,2,1,5,1271.786933,NA,702.3458,NA,46.90686667,15.91613333,0.304666667,0.170333333,NA,0.045133333,NA,NA,NA,13.76666667,NA,1.296866667,NA,1.271866667,NA,64.66446596,NA,72.97305203,NA,NA,NA,9.297634921,60.98059235,0.856,2.75,2.75,38.50920085
56,Rhagodia spinescens,Rhagodia,"Spiny Saltbush, Berry Saltbush",Chenopodiaceae,2,3,2,2,1,5,98.3768,NA,98.3768,NA,11.447,9.779266667,0.7772,0.062533333,NA,0.01,NA,NA,NA,7.066666667,NA,0.832733333,NA,0.685866667,NA,100.9266297,NA,83.54698674,NA,NA,NA,15.17396508,73.07448586,4.997,6.89,6.89,47.83520042
57,Salsola kali var. kali,Salsola,Buckbush,Chenopodiaceae,1,1,1,1,1,5,24.80188,NA,24.78306667,NA,13.6784,2.102133333,0.99,0.02972,NA,0.00196,NA,NA,NA,0.001,NA,2.188133333,NA,NA,NA,78.05819568,NA,87.25193039,NA,NA,NA,13.65872925,59.03911314,4.22,6.11,6.11,38.99091922
58,Sarcostemma australe,Sarcostemma,Caustic Vine,Apocynaceae,2,3,2,2,1,2,NA,NA,NA,NA,NA,NA,4.9452,1.146733333,NA,0.191733333,NA,NA,NA,0.001,NA,NA,NA,NA,NA,NA,NA,83.08350501,NA,NA,NA,25.88906576,71.32946256,6.39,8.28,8.28,51.93687468
59,Pimelea simplex subsp. simplex,Pimelea,Desert Rice-flower,Thymelaeaceae,1,1,1,1,1,2,46.29184,NA,46.82933333,NA,18.212,2.947066667,0.286,0.0144,NA,0.00302,NA,NA,NA,0.001,NA,0.5464,NA,NA,NA,65.38254308,NA,78.94462221,NA,NA,NA,20.45772336,82.01426123,1.713,3.6,3.6,54.68273666
60,Anemocarpa podolepidium,Anemocarpa,Rock Everlasting,Asteraceae,1,3,2,2,1,5,678.7489333,NA,678.7489333,NA,52.0922,23.16266667,0.5392,0.296866667,NA,0.059466667,NA,NA,NA,0.001,NA,5.179066667,NA,NA,NA,86.80880032,NA,79.78177304,NA,NA,NA,37.0553424,72.4582812,2.684,4.57,4.57,56.98652921
61,Dactyloctenium radulans,Dactyloctenium,"Button Grass, Finger Grass",Poaceae,1,1,1,1,1,5,159.76104,NA,129.3340667,NA,42.79693333,3.842666667,0.154666667,0.02552,NA,0.00708,NA,NA,NA,0.001,NA,3.1236,NA,NA,NA,44.23372935,NA,72.30909988,NA,30.64030711,NA,18.68353061,84.87809651,0.297,2.19,2.19,55.64083235
62,Astrebla pectinata,Astrebla,Barley Mitchell Grass,Poaceae,1,1,1,1,1,5,754.9521,NA,544.4224,NA,170.9045333,4.888133333,1.385333333,0.1562,NA,0.063533333,NA,NA,NA,0.001,NA,2.302266667,NA,NA,NA,88.17228002,NA,59.0504377,NA,64.4845947,NA,21.89758957,85.66298336,1.224,3.11,3.11,57.0601304
63,Harmsiodoxa brevipes,Harmsiodoxa,Cress,Brassicaceae,1,1,1,1,1,5,468.2057,NA,462.7654,NA,50.77446667,10.23593333,0.316,0.2052,NA,0.030466667,NA,NA,NA,17.4,NA,1.957666667,NA,1.463466667,NA,66.15949812,NA,84.98113638,NA,55.35388089,NA,12.73970975,77.73110982,4.496,6.39,6.39,49.37411854
64,Gunniopsis quadrifida,Gunniopsis,Sturt's Pigface,Aizoaceae,2,3,2,2,1,1,63.97568,NA,65.94306667,NA,24.1378,2.509466667,15.978,0.0831,NA,0.00952,NA,NA,NA,0.001,NA,1.9972,NA,NA,NA,149.109499,NA,88.0695868,NA,NA,NA,32.53535374,88.13426622,9.761,11.65,11.65,64.20702964
65,Corymbia terminalis,Corymbia,"Bloodwood, Desert Bloodwood",Myrtaceae,3,3,2,2,2,4,1732.0173,NA,1635.478,NA,121.0036,18.16353333,0.510666667,0.877866667,NA,0.422666667,NA,NA,NA,18.06666667,NA,1.590666667,NA,1.867066667,NA,265.5333838,NA,51.00256483,NA,252.375988,NA,19.19187302,73.26675541,3.493,5.38,5.38,49.54700339
66,Eucalyptus coolabah subsp. arida,Eucalyptus,Coolabah,Myrtaceae,3,3,2,2,2,3,1663.6721,NA,1655.920133,NA,118.6753333,17.9668,0.498666667,0.824133333,NA,0.445733333,NA,NA,NA,12,NA,1.443333333,NA,1.5788,NA,270.6903589,NA,45.86073427,NA,263.0632421,NA,26.91212472,74.95966889,2.592,4.48,4.48,53.90298052
67,Stemodia florulenta,Stemodia,Blue-rod,Scrophulariaceae,1,3,2,2,1,3,50.06672,NA,56.40926667,NA,13.112,5.4462,0.301333333,0.01016,NA,0.00312,NA,NA,NA,0.001,NA,0.5962,NA,NA,NA,63.0159362,NA,69.28620697,NA,NA,NA,14.55781111,75.52244426,1.137,3.03,3.03,48.66500483
68,Chamaesyce drummondii,Chamaesyce,Caustic Weed,Euphorbiaceae,1,1,1,1,1,3,20.67894,NA,22.245,NA,6.074133333,4.170933333,0.200666667,0.00411,NA,0.00151,NA,NA,NA,0.001,NA,0.451466667,NA,NA,NA,73.31246455,NA,63.22958333,NA,NA,NA,15.54583673,74.13254908,1.308,3.2,3.2,48.08305758
69,Acacia tetragonophylla,Acacia,"Dead Finish, Kurara",Fabaceae - Mimosoideae,2,3,2,2,1,2,28.27652,NA,31.70053333,NA,26.7404,1.077066667,1.005333333,0.01888,NA,0.00856,NA,NA,NA,0.001,NA,0.5796,NA,NA,NA,302.0476193,NA,54.59978519,NA,NA,NA,15.03249206,81.38243261,4.198,6.09,6.09,51.79277646
70,Polycarpaea arida,Polycarpaea,NA,Caryophyllaceae,1,3,2,2,1,3,9.98066,NA,12.88286667,NA,10.54566667,1.3304,0.400666667,0.00274,NA,7.1e-4,NA,NA,NA,0.001,NA,0.519133333,NA,NA,NA,71.31140341,NA,74.05019425,NA,NA,NA,17.56947166,68.43069384,0.846,2.74,2.74,46.04384928
71,Haloragis aspera,Haloragis,Rough raspwort,Haloragaceae,1,2,2,1,1,5,397.6786,NA,397.6786,NA,56.66486667,6.707066667,0.443333333,0.148333333,NA,0.042333333,NA,NA,NA,0.001,NA,2.621933333,NA,NA,NA,106.4280002,NA,71.68560743,NA,NA,NA,16.56405896,83.01890183,3.417,5.31,5.31,53.82983743
72,Swainsona formosa,Swainsona,"Sturt's Desert Pea, Sturt Pea",Fabaceae - Faboideae,1,1,1,1,1,1,391.8787333,NA,402.3634667,NA,31.68353333,17.2436,0.277333333,0.09968,NA,0.01928,NA,NA,NA,0.001,NA,0.803266667,NA,NA,NA,49.10846049,NA,80.58318695,NA,NA,NA,17.15607256,79.81393511,1.762,3.65,3.65,52.23775445
73,Zaleya galericulata,Zaleya,Hogweed,Aizoaceae,1,2,2,1,1,5,417.4942667,NA,421.0546,NA,34.90993333,14.8294,0.3568,0.164066667,NA,0.033333333,NA,NA,NA,11.46666667,NA,1.116933333,NA,2.199933333,NA,80.63044656,NA,79.28257689,NA,74.48621082,NA,16.55578005,77.98560067,2.84,4.73,4.73,50.6117011
74,Sclerolaena tricuspis,Sclerolaena,Giant Redburr,Chenopodiaceae,2,3,2,2,1,2,45.46392,NA,44.53946667,NA,19.46646667,2.039933333,2.102,0.2592,NA,0.018,NA,NA,NA,0.001,NA,0.9292,NA,NA,NA,81.14581312,NA,92.89936074,NA,NA,NA,24.41889342,74.98475208,8.51,10.4,10.4,53.23077477
75,Eremophila latrobei,Eremophila,"Crimson Turkey-bush, Native Fuchsia",Myoporaceae,2,3,2,2,1,2,58.7838,NA,62.98093333,NA,19.97213333,4.373266667,0.624,0.05184,NA,0.0036,NA,NA,NA,0.001,NA,0.7926,NA,NA,NA,176.4363514,NA,68.44271501,NA,NA,NA,34.75114739,88.71869884,5.074,6.96,6.96,64.91055377
76,Acacia cana,Acacia,Boree,Fabaceae - Mimosoideae,3,3,2,2,1,1,280.8556667,NA,281.0048,NA,80.47513333,4.021933333,0.749333333,0.0329,NA,0.01038,NA,NA,NA,0.001,NA,1.183133333,NA,NA,NA,335.9116934,NA,50.43919308,NA,NA,NA,39.84495238,75.01582363,0.819,2.71,2.71,58.96387214
77,Trichodesma zeylanicum,Trichodesma,Cattle Bush,Boraginaceae,1,3,2,2,1,3,1048.008133,NA,1077.259333,NA,87.69606667,16.29426667,0.392666667,0.429866667,NA,0.097733333,NA,NA,NA,0.001,NA,2.2738,NA,NA,NA,91.48088413,NA,77.3845283,NA,NA,NA,21.30290703,80.42781697,0.316,2.21,2.21,54.32667909
78,Hakea eyreana,Hakea,Corkbark,Proteaceae,3,3,2,2,1,2,447.8344667,NA,447.8344667,NA,50.394,1.474666667,1.33,0.392666667,NA,0.220266667,NA,NA,NA,0.001,NA,1.734466667,NA,NA,NA,492.1366303,NA,43.13950716,NA,NA,NA,26.01647619,90.08124126,4.715,6.61,6.61,61.97594412
79,Crotalaria eremaea,Crotalaria,Bluebush Pea,Fabaceae - Faboideae,1,3,2,2,1,1,459.731,229.8655,469.1558,234.5779,49.02846667,5.852666667,0.356666667,0.146533333,0.073266667,0.035466667,0.017733333,0.062133333,0.0141,34,1.0498,0.972866667,0.826533333,1.135,0.581333333,79.56350924,79.56350924,75.53014989,75.53014989,62.55853884,62.55853884,15.1095034,81.11717138,1.768,3.66,3.66,51.86753429
80,Ptilotus polystachyus,Ptilotus,"Longtails, Prince of Wales Feathers",Amaranthaceae,1,2,2,1,1,1,1239.1412,NA,1302.348333,NA,104.1464,16.53833333,0.552,0.798133333,NA,0.115733333,NA,NA,NA,8.466666667,NA,2.374533333,NA,2.077933333,NA,95.94119883,NA,85.23600908,NA,271.9170441,NA,12.63724218,74.58929118,0.93,2.82,2.82,47.2039287
81,Einadia nutans,Einadia,Climbing saltbush,Chenopodiaceae,1,2,2,1,1,3,222.2542,NA,224.2791333,NA,26.05846667,11.27066667,0.727333333,0.148733333,NA,0.0256,NA,NA,NA,8.066666667,NA,1.056733333,NA,0.7894,NA,113.1566569,NA,83.36612463,NA,NA,NA,12.35366803,68.65905324,5.314,7.2,7.2,43.69699229
82,Senna sturtii,Senna,NA,Fabaceae - Caesalpinioideae,2,3,2,2,1,1,55.1241,NA,57.85833333,NA,18.72533333,3.679466667,0.566666667,0.02978,NA,0.01276,NA,NA,NA,0.001,NA,0.652266667,NA,NA,NA,230.5923901,NA,57.15439287,NA,NA,NA,31.71519728,95.15149584,2.435,4.33,4.33,67.05726334
83,Rhynchosia minima,Ryhnchosia,NA,Fabaceae - Faboideae,1,3,2,2,1,2,444.8083333,148.2694444,445.5527333,148.5175778,17.5984,13.87286667,0.176666667,0.0868,0.028933333,0.034866667,0.011622222,0.025355556,0.010422222,20.53333333,1.02,0.6666,0.845,0.998333333,0.617,78.68369825,78.68369825,59.710502580000004,59.710502580000004,70.61223254,70.61223254,11.73918639,74.17299168,-0.375,1.52,1.52,46.32059204
84,Atalaya hemiglauca,Atalaya,Whitewood,Sapindaceae,3,3,2,2,2,5,751.94184,NA,758.1258,NA,103.5442,9.291933333,0.419333333,0.32992,NA,0.17268,NA,NA,NA,0.001,NA,1.499,NA,NA,NA,228.5638198,NA,47.64891066,NA,NA,NA,25.10853061,79.82578037,1.554,3.44,3.44,55.53671211
85,Marsilea drummondii,Marsilea,Common Nardoo,Marsileaceae,1,2,2,1,1,3,1103.798933,275.9497333,1146.240267,286.5600667,20.46246667,14.7868,0.186,0.316333333,0.079083333,0.151333333,0.037833333,0.046516667,0.021133333,250,2.01,NA,1.18775,NA,0.667,134.0937206,134.0937206,51.90319598,51.90319598,75.47369535,75.47369535,18.03905215,80.36127454,0.699,2.59,2.59,53.11094496
86,Abutilon halophilum,Abutilon,Plains Lantern-bush,Malvaceae,2,3,2,2,1,2,382.2692667,NA,391.0173333,NA,18.4412,22.5276,0.61,0.142133333,NA,0.047733333,NA,NA,NA,17.66666667,NA,1.121466667,NA,1.028466667,NA,125.5228737,NA,66.28834456,NA,NA,NA,19.49507937,76.26485358,0.74,2.63,2.63,51.3556232
87,Hibiscus brachysiphonius,Hibiscus,Low Hibiscus,Malvaceae,1,2,2,1,1,2,310.2515333,NA,329.7948,NA,23.39433333,8.178,0.353333333,0.112333333,NA,0.0322,NA,NA,NA,11.66666667,NA,0.962066667,NA,1.0764,NA,105.3835279,NA,70.81522496,NA,NA,NA,14.49824558,80.57054077,2.623,4.51,4.51,51.3943525
88,Eremophila gilesii,Eremophila,"Desert Fuchsia, Green Turkey-bush",Myoporaceae,2,3,2,2,1,2,186.1013333,NA,186.1013333,NA,44.11886667,5.566066667,0.358,0.073133333,NA,0.0228,NA,NA,NA,0.001,NA,2.054,NA,NA,NA,121.9384774,NA,69.08501696,NA,NA,NA,13.68599388,80.88388186,2.684,4.57,4.57,51.55852481
89,Ptilotus gaudichaudii var. gaudichaudii,Ptilotus,Paper Foxtail,Amaranthaceae,1,1,1,1,1,2,101.5000667,NA,101.5000667,NA,38.8356,3.075333333,0.515333333,0.044133333,NA,0.0104,NA,NA,NA,0.001,NA,0.784733333,NA,NA,NA,101.7257829,NA,76.70861692,NA,NA,NA,16.07180499,83.87870549,4.293,6.18,6.18,54.0310652
90,Hibiscus sturtii var. grandiflorus,Hibiscus,Sturt's Hibiscus,Malvaceae,1,2,2,1,1,2,796.6384,NA,813.9028,NA,38.88766667,23.67413333,0.383333333,0.2378,NA,0.076666667,NA,NA,NA,10.53333333,NA,1.480466667,NA,1.208866667,NA,97.6784362,NA,67.55964195,NA,NA,NA,13.35466599,77.15467887,2.026,3.92,3.92,49.1795569
91,Erodium cygnorum ssp. glandulosum,Erodium,Clammy Heron's-bill,Geraniaceae,1,1,1,1,1,2,913.5537333,NA,914.3000667,NA,38.9094,9.398,0.286666667,0.413466667,NA,0.122333333,NA,NA,NA,59,NA,1.373533333,NA,2.084333333,NA,133.9661698,NA,70.38094387,NA,104.6696401,NA,18.15379592,83.45671215,1.017,2.91,2.91,55.26005419
92,Amyema maidenii,Amyema,Pale-leaf Mistletoe,Loranthaceae,2,3,2,2,1,1,416.8008667,NA,416.8008667,NA,34.02673333,15.64666667,0.587333333,0.281266667,NA,0.092133333,NA,NA,NA,4.466666667,NA,1.367933333,NA,1.130333333,NA,233.0459293,NA,66.8737607,NA,NA,NA,36.2414059,78.76440599,2.468,4.36,4.36,60.03077985
93,Amyema miraculosum subsp. boormanii,Amyema,Fleshy Mistletoe,Loranthaceae,2,3,2,2,1,5,564.4050667,NA,564.4050667,NA,60.1764,11.3646,0.997333333,0.598866667,NA,0.173666667,NA,NA,NA,4.333333333,NA,1.470866667,NA,1.539933333,NA,304.6229376,NA,70.49117799,NA,NA,NA,23.20708163,76.79522296,6.591,8.48,8.48,53.6559348
94,Cheilanthes sieberi subsp. sieberi,Cheilanthes,Poison Rock Fern,Adiantaceae,1,3,2,2,1,4,269.58416,NA,273.4510667,NA,27.83853333,3.689866667,0.251333333,0.07028,NA,0.02096,NA,NA,NA,0.001,NA,0.505933333,NA,NA,NA,79.6198104,NA,70.09573395,NA,NA,NA,11.64247166,77.27853577,1.41,3.3,3.3,48.82401355
95,Atriplex nummularia,Atriplex,Old Man Saltbush,Chenopodiaceae,2,3,2,2,1,3,496.8112667,NA,499.1370667,NA,27.76386667,23.50593333,0.516,0.295733333,NA,0.0582,NA,NA,NA,5.366666667,NA,1.299066667,NA,1.205933333,NA,119.1165502,NA,80.05964532,NA,NA,NA,14.3870907,57.49154243,2.446,4.34,4.34,38.42895766
