species,individual,birthtime,deathtime,no_flowers,longevity_days,symmetry,infloheight_m,habit,height_m,inflosize_cm,flowersperplant,budsperplant,florallength_cm,floraldiam_cm,colour,tube,site,latitude,longitude
Astrotricha longifolia,Alon01,2022-10-08T05:03:17Z,2022-10-10T04:42:24Z,12,1.985497685,actinomorphic,NA,NA,NA,NA,NA,NA,NA,NA,NA,NA,"Yondell Ave, Springwood",-33.717968,150.55742
Astrotricha longifolia,Alon02,2022-10-21T16:22:05Z,2022-10-23T10:40:54Z,14,1.763061343,actinomorphic,1.3,shrub (woody plant branching from the base),1.45,5,1,110,0.7,0.6,white,absent,"Yondell Ave, Springwood",-33.717968,150.55742
Astrotricha longifolia,Alon03,2022-10-12T09:36:43Z,2022-10-14T10:56:36Z,16,2.055477431,actinomorphic,1.25,shrub (woody plant branching from the base),1.46,4,14,1000,0.6,0.6,white,absent,"Yondell Ave, Springwood",-33.717968,150.55742
Astrotricha longifolia,Alon04,2022-10-14T17:29:04Z,2022-10-16T19:50:29Z,8,2.098208912,actinomorphic,1.2,shrub (woody plant branching from the base),1.24,3.5,25,380,0.6,0.6,white,absent,"Yondell Ave, Springwood",-33.717968,150.55742
Astrotricha longifolia,Alon05,2022-10-12T15:13:25Z,2022-10-14T09:07:30Z,7,1.745882937,actinomorphic,1.11,shrub (woody plant branching from the base),1.28,3,0,400,NA,NA,white,absent,"Yondell Ave, Springwood",-33.717968,150.55742
Acacia oxycedrus,Aoxy01,2021-07-25T01:34:15Z,2021-08-10T02:32:44Z,60,16.04061073,actinomorphic,1.43,shrub (woody plant branching from the base),2.3,3,150,1000,0.5,0.8,yellow,absent,"Murrua Trail, North Turramurra",-33.69307,151.1445
Acacia oxycedrus,Aoxy02,2021-08-07T07:15:45Z,2021-08-24T01:38:20Z,50,16.76568843,actinomorphic,NA,shrub (woody plant branching from the base),2.5,2.4,1000,1000,0.4,0.5,yellow,absent,"Murrua Trail, North Turramurra",-33.69307,151.1445
Acacia oxycedrus,Aoxy03,2021-08-03T04:52:49Z,2021-08-18T00:06:22Z,13,14.80108529,actinomorphic,1.36,shrub (woody plant branching from the base),1.65,1,150,1500,0.5,0.5,yellow,absent,"Murrua Trail, North Turramurra",-33.69307,151.1445
Acacia oxycedrus,Aoxy04,2021-08-03T04:56:13Z,2021-08-18T05:37:43Z,35,15.02881944,actinomorphic,2.8,shrub (woody plant branching from the base),4.5,2,1000,3000,0.5,0.5,yellow,absent,"Murrua Trail, North Turramurra",-33.69307,151.1445
Acacia oxycedrus,Aoxy05,2021-08-07T14:12:04Z,2021-08-24T03:22:45Z,36,16.54907986,actinomorphic,1.6,shrub (woody plant branching from the base),2.5,2,30,1000,0.5,0.5,yellow,absent,"Murrua Trail, North Turramurra",-33.69307,151.1445
Boronia ledifolia,Bled01,2021-07-23T12:09:07Z,2021-08-06T04:15:19Z,24,13.67096981,actinomorphic,NA,shrub (woody plant branching from the base),1.8,15,0,40,NA,NA,NA,NA,"Murrua Trail, North Turramurra",-33.69307,151.1445
Boronia ledifolia,Bled05,2021-07-22T03:33:27Z,2021-08-07T03:06:48Z,16,15.9814945,actinomorphic,NA,shrub (woody plant branching from the base),1.2,10,1,10,0.5,1.4,pink,absent,"Murrua Trail, North Turramurra",-33.69307,151.1445
Boronia ledifolia,Bled07,2021-08-06T23:00:01Z,2021-08-20T09:18:25Z,16,13.42943649,actinomorphic,0.2,shrub (woody plant branching from the base),0.5,16,13,26,0.4,2.5,pink,absent,"Murrua Trail, North Turramurra",-33.69307,151.1445
Boronia ledifolia,Bled08,2021-08-07T16:05:33Z,2021-08-23T02:52:24Z,6,15.4492091,actinomorphic,0.38,shrub (woody plant branching from the base),0.6,4,100,30,0.4,2,pink,absent,"Murrua Trail, North Turramurra",-33.69307,151.1445
Boronia ledifolia,Bled09,2021-08-16T05:04:36Z,2021-08-25T18:08:51Z,6,9.544618056,actinomorphic,0.7,shrub (woody plant branching from the base),0.85,6,250,75,0.4,2.5,pink,absent,"Murrua Trail, North Turramurra",-33.69307,151.1445
Bossiaea obcordata,Bobc01,2022-09-16T17:20:21Z,2022-09-19T01:38:26Z,5,2.345888889,zygomorphic,0.52,shrub (woody plant branching from the base),1.03,4,8,35,1.5,1.3,"yellow, red",present (at least at base),"Sassafras Gully, Springwood",-33.702902,150.553083
Bossiaea obcordata,Bobc02,2022-09-19T13:42:33Z,2022-09-22T15:45:04Z,13,3.08508547,zygomorphic,0.45,shrub (woody plant branching from the base),0.83,9,19,80,1.9,1.5,"yellow, red",present (at least at base),"Sassafras Gully, Springwood",-33.702902,150.553083
Bossiaea obcordata,Bobc03,2022-09-19T08:40:34Z,2022-09-22T20:06:26Z,8,3.476291956,zygomorphic,0.51,shrub (woody plant branching from the base),0.73,5.5,0,7,NA,NA,"yellow, red","absent, present (at least at base)","Sassafras Gully, Springwood",-33.702902,150.553083
Bossiaea obcordata,Bobc04,2022-09-19T19:03:13Z,2022-09-22T02:08:37Z,23,2.295422202,zygomorphic,0.08,shrub (woody plant branching from the base),0.2,8,2,80,1.4,1.5,"yellow, red","absent, present (at least at base)","Sassafras Gully, Springwood",-33.702902,150.553083
Bossiaea obcordata,Bobc05,2022-09-19T13:21:36Z,2022-09-21T18:38:58Z,13,2.220393519,zygomorphic,0.92,shrub (woody plant branching from the base),1.38,5,15,220,1.7,1.8,"yellow, red","absent, present (at least at base)","Sassafras Gully, Springwood",-33.702902,150.553083
Boronia pinnata,Bpin01,2021-08-28T12:58:59Z,2021-09-03T23:12:56Z,25,6.426351389,actinomorphic,NA,NA,NA,NA,NA,NA,NA,NA,NA,NA,"Murrua Trail, North Turramurra",-33.69307,151.1445
Boronia pinnata,Bpin02,2021-09-05T00:58:40Z,2021-09-14T18:04:12Z,20,9.712173611,actinomorphic,0.5,shrub (woody plant branching from the base),1.15,8,1,350,0.6,2,pink,absent,"Murrua Trail, North Turramurra",-33.69307,151.1445
Boronia pinnata,Bpin03,2021-08-30T18:09:47Z,2021-09-04T21:16:27Z,11,5.129630682,actinomorphic,1,shrub (woody plant branching from the base),1,4,3,180,0.6,2.7,pink,absent,"Murrua Trail, North Turramurra",-33.69307,151.1445
Boronia pinnata,Bpin04,2021-08-27T22:28:55Z,2021-09-04T20:41:21Z,9,7.92530607,actinomorphic,1.2,shrub (woody plant branching from the base),1.2,8,5,200,0.5,2.6,pink,absent,"Murrua Trail, North Turramurra",-33.69307,151.1445
Boronia pinnata,Bpin05,2021-09-06T17:14:34Z,2021-09-11T06:45:08Z,24,4.562886767,actinomorphic,NA,NA,NA,NA,NA,NA,NA,NA,NA,NA,"Murrua Trail, North Turramurra",-33.69307,151.1445
Boronia pinnata,Bpin06,2021-09-24T08:44:50Z,2021-10-01T16:57:07Z,7,7.341863426,actinomorphic,0.95,shrub (woody plant branching from the base),1.25,6.5,40,80,0.5,2.7,pink,absent,"Murrua Trail, North Turramurra",-33.69307,151.1445
Bossiaea scolopendria,Bsco01,2021-08-27T01:09:25Z,2021-08-28T01:28:46Z,18,1.013435571,zygomorphic,1.3,shrub (woody plant branching from the base),1.9,15,15,650,1.5,1.8,"yellow, red",present (at least at base),"Murrua Trail, North Turramurra",-33.69307,151.1445
Bossiaea scolopendria,Bsco02,2021-09-04T02:19:15Z,2021-09-06T15:34:32Z,8,2.552287326,zygomorphic,1.1,shrub (woody plant branching from the base),1.15,5,1,150,1.8,1.7,"yellow, red",present (at least at base),"Murrua Trail, North Turramurra",-33.69307,151.1445
Bossiaea scolopendria,Bsco04,2021-08-28T16:09:39Z,2021-08-30T21:53:57Z,8,2.239092882,zygomorphic,0.75,shrub (woody plant branching from the base),2.3,4,30,500,1.8,1.6,yellow,present (at least at base),"Murrua Trail, North Turramurra",-33.69307,151.1445
Bossiaea scolopendria,Bsco05,2021-09-07T12:52:52Z,2021-09-09T20:43:01Z,5,2.326488426,zygomorphic,0.15,shrub (woody plant branching from the base),0.65,4.5,100,50,1.5,1.5,"yellow, red",present (at least at base),"Murrua Trail, North Turramurra",-33.69307,151.1445
Bossiaea scolopendria,Bsco06,2021-09-04T21:20:17Z,2021-09-06T23:17:13Z,10,2.081204861,zygomorphic,0.85,shrub (woody plant branching from the base),1.1,12,8,30,1.6,1.9,"yellow, red",present (at least at base),"Murrua Trail, North Turramurra",-33.69307,151.1445
Bossiaea scolopendria,Bsco07,2021-09-07T16:13:26Z,2021-09-10T20:43:45Z,12,3.187719907,zygomorphic,0.2,shrub (woody plant branching from the base),0.8,9,70,170,1.6,1.5,"yellow, red",present (at least at base),"Murrua Trail, North Turramurra",-33.69307,151.1445
Bossiaea scolopendria,Bsco08,2021-09-11T14:24:31Z,2021-09-14T03:49:13Z,6,2.558815586,zygomorphic,0.55,shrub (woody plant branching from the base),0.77,7,18,40,1.4,1.8,yellow,"absent, present (at least at base)","Murrua Trail, North Turramurra",-33.69307,151.1445
Comesperma ericinum,Ceri01,2021-10-14T04:17:46Z,2021-10-16T12:25:17Z,45,2.338552469,zygomorphic,1.35,shrub (woody plant branching from the base),1.45,7,0,350,NA,NA,purple,absent,"Murrua Trail, North Turramurra",-33.69307,151.1445
Comesperma ericinum,Ceri02,2021-10-06T04:49:34Z,2021-10-08T15:41:43Z,22,2.452878788,zygomorphic,0.6,shrub (woody plant branching from the base),0.75,7.5,10,130,0.6,1.4,purple,absent,"Murrua Trail, North Turramurra",-33.69307,151.1445
Comesperma ericinum,Ceri03,2021-10-04T08:38:38Z,2021-10-06T18:02:58Z,20,2.391905093,zygomorphic,0.8,shrub (woody plant branching from the base),1,6,22,600,0.6,1.5,purple,absent,"Murrua Trail, North Turramurra",-33.69307,151.1445
Comesperma ericinum,Ceri04,2021-09-28T03:44:19Z,2021-09-29T19:24:49Z,9,1.653126286,zygomorphic,0.56,shrub (woody plant branching from the base),0.62,6,0,70,NA,NA,purple,absent,"Murrua Trail, North Turramurra",-33.69307,151.1445
Comesperma ericinum,Ceri05,2021-10-12T10:05:36Z,2021-10-14T13:41:29Z,32,2.149917896,zygomorphic,0.68,shrub (woody plant branching from the base),0.71,4.3,2,80,0.6,1.3,purple,absent,"Murrua Trail, North Turramurra",-33.69307,151.1445
Conospermum longifolium,Clon01,2022-10-14T00:31:14Z,2022-10-14T23:13:25Z,16,0.945961372,zygomorphic,0.7,shrub (woody plant branching from the base),0.73,1.9,2,20,0.9,0.5,white,present (at least at base),"Yondell Ave, Springwood",-33.717968,150.55742
Conospermum longifolium,Clon03,2022-10-11T10:59:56Z,2022-10-16T00:20:47Z,12,4.556140046,zygomorphic,1.21,shrub (woody plant branching from the base),1.28,3.5,250,400,0.9,0.6,white,present (at least at base),"Yondell Ave, Springwood",-33.717968,150.55742
Conospermum longifolium,Clon04,2022-10-12T08:33:49Z,2022-10-14T03:35:28Z,16,1.79281033,zygomorphic,0.8,shrub (woody plant branching from the base),0.91,2.5,120,220,0.9,0.6,white,present (at least at base),"Yondell Ave, Springwood",-33.717968,150.55742
Conospermum longifolium,Clon05,2022-10-13T23:47:43Z,2022-10-15T16:10:31Z,13,1.68250089,zygomorphic,1,shrub (woody plant branching from the base),1.17,2,250,600,0.9,0.5,white,present (at least at base),"Yondell Ave, Springwood",-33.717968,150.55742
Conospermum longifolium,Clon06,2022-10-15T06:29:54Z,2022-10-19T10:25:01Z,14,4.163266369,zygomorphic,0.56,shrub (woody plant branching from the base),0.65,1.8,50,90,0.9,0.6,white,present (at least at base),"Yondell Ave, Springwood",-33.717968,150.55742
Dianella caerulea,Dian01,2022-11-08T06:42:22Z,2022-11-08T23:30:50Z,14,0.70031746,actinomorphic,0.4,herb,0.75,16,6,400,1,1.5,"purple, blue",absent,"Yondell Ave, Springwood",-33.717968,150.55742
Dianella caerulea,Dian02,2022-11-09T10:05:26Z,2022-11-10T19:24:23Z,7,1.388166336,actinomorphic,0.24,herb,0.54,15,8,250,0.9,1.2,"purple, blue",absent,"Yondell Ave, Springwood",-33.717968,150.55742
Dianella caerulea,Dian03,2022-11-08T23:16:58Z,2022-11-10T06:04:42Z,13,1.283140135,actinomorphic,0.8,herb,0.86,10,1,80,1,2,"purple, blue",absent,"Yondell Ave, Springwood",-33.717968,150.55742
Dianella caerulea,Dian04,2022-11-08T17:55:20Z,2022-11-09T19:49:12Z,11,1.079081439,actinomorphic,0.2,herb,0.6,8,60,1000,1,1,"purple, blue",absent,"Yondell Ave, Springwood",-33.717968,150.55742
Dianella caerulea,Dian05,2022-11-10T04:26:15Z,2022-11-11T06:40:23Z,9,1.093145576,actinomorphic,0.48,herb,0.6,10,0,350,1,1.9,"purple, blue",absent,"Yondell Ave, Springwood",-33.717968,150.55742
Dampiera purpurea,Dpur01,2022-10-29T18:30:12Z,2022-11-05T03:48:31Z,5,6.387722222,zygomorphic,0.1,shrub (woody plant branching from the base),0.21,2.5,1,5,1.5,1.8,purple,absent,"Yondell Ave, Springwood",-33.717968,150.55742
Dampiera purpurea,Dpur02,2022-10-30T09:41:04Z,2022-11-04T13:37:00Z,9,5.163840021,zygomorphic,0.58,shrub (woody plant branching from the base),0.62,0.07,3,20,1.6,2.5,purple,"absent, present (at least at base)","Yondell Ave, Springwood",-33.717968,150.55742
Dampiera purpurea,Dpur03,2022-11-01T02:46:35Z,2022-11-07T09:59:14Z,10,6.300445602,zygomorphic,0.5,shrub (woody plant branching from the base),0.64,10,1,23,1.4,2.5,purple,present (at least at base),"Yondell Ave, Springwood",-33.717968,150.55742
Dampiera purpurea,Dpur04,2022-11-11T13:39:13Z,2022-11-18T15:08:23Z,4,7.061929977,zygomorphic,0.24,shrub (woody plant branching from the base),0.34,8,3,11,1.4,1.5,purple,present (at least at base),"Yondell Ave, Springwood",-33.717968,150.55742
Dillwynia retorta,Dret01,2022-10-19T20:26:47Z,2022-10-22T12:35:53Z,8,2.672983218,zygomorphic,0.75,shrub (woody plant branching from the base),0.89,2,10,90,1.1,1.4,yellow,absent,"Yondell Ave, Springwood",-33.717968,150.55742
Dillwynia retorta,Dret02,2022-10-21T05:23:37Z,2022-10-24T18:35:55Z,6,3.55021412,zygomorphic,0.55,shrub (woody plant branching from the base),0.8,2,17,90,1.1,1.5,yellow,absent,"Yondell Ave, Springwood",-33.717968,150.55742
Dillwynia retorta,Dret03,2022-10-20T22:14:59Z,2022-10-25T12:48:35Z,8,4.606659433,zygomorphic,0.5,shrub (woody plant branching from the base),0.8,2,11,65,1,1.4,yellow,absent,"Yondell Ave, Springwood",-33.717968,150.55742
Dillwynia retorta,Dret05,2022-10-14T00:36:28Z,2022-10-17T23:17:12Z,5,3.944949074,zygomorphic,0.7,shrub (woody plant branching from the base),0.91,2,70,1000,0.9,1.3,yellow,absent,"Yondell Ave, Springwood",-33.717968,150.55742
Dillwynia retorta,Dret06,2022-10-27T05:13:55Z,2022-10-30T05:22:23Z,3,3.00587963,zygomorphic,0.23,shrub (woody plant branching from the base),0.68,5,70,200,1,1.5,yellow,"absent, present (at least at base)","Yondell Ave, Springwood",-33.717968,150.55742
Eriostemon australasius,Eaus01,2021-08-08T17:52:57Z,2021-08-19T16:03:27Z,16,10.92396701,actinomorphic,NA,shrub (woody plant branching from the base),2.2,15,1,35,0.8,2.5,"white, pink",absent,"Murrua Trail, North Turramurra",-33.69307,151.1445
Eriostemon australasius,Eaus03,2021-08-16T18:57:35Z,2021-08-25T11:04:48Z,19,8.671675804,actinomorphic,NA,shrub (woody plant branching from the base),0.9,15,0,20,NA,NA,NA,NA,"Murrua Trail, North Turramurra",-33.69307,151.1445
Eriostemon australasius,Eaus04,2021-08-26T16:50:47Z,2021-09-01T15:56:57Z,6,5.962623457,actinomorphic,NA,shrub (woody plant branching from the base),1.8,15,0,20,NA,NA,NA,NA,"Murrua Trail, North Turramurra",-33.69307,151.1445
Eriostemon australasius,Eaus05,2021-08-04T06:31:55Z,2021-08-12T05:17:26Z,8,7.948272569,actinomorphic,NA,shrub (woody plant branching from the base),1.3,15,0,9,NA,NA,NA,NA,"Murrua Trail, North Turramurra",-33.69307,151.1445
Eriostemon australasius,Eaus06,2021-08-10T16:54:27Z,2021-08-19T08:00:29Z,24,8.629182099,actinomorphic,1.15,shrub (woody plant branching from the base),1.15,12,10,100,1.4,3.2,"white, pink",absent,"Murrua Trail, North Turramurra",-33.69307,151.1445
Grevillea buxifolia,Gbux01,2021-08-04T23:18:47Z,2021-08-18T03:22:54Z,10,13.16951852,zygomorphic,NA,shrub (woody plant branching from the base),1.6,4,0,15,NA,NA,NA,NA,"Murrua Trail, North Turramurra",-33.69307,151.1445
Grevillea buxifolia,Gbux02,2021-08-17T00:20:41Z,2021-09-01T07:01:29Z,10,15.27833218,zygomorphic,NA,shrub (woody plant branching from the base),2.2,NA,0,20,NA,NA,NA,NA,"Murrua Trail, North Turramurra",-33.69307,151.1445
Grevillea buxifolia,Gbux03,2021-09-08T07:10:08Z,2021-09-18T16:34:37Z,21,10.39200121,zygomorphic,NA,shrub (woody plant branching from the base),1.6,NA,0,9,NA,NA,NA,NA,"Murrua Trail, North Turramurra",-33.69307,151.1445
Grevillea buxifolia,Gbux04,2021-09-08T13:57:42Z,2021-09-19T12:40:04Z,21,10.94609678,zygomorphic,NA,shrub (woody plant branching from the base),2,NA,0,10,NA,NA,NA,NA,"Murrua Trail, North Turramurra",-33.69307,151.1445
Grevillea buxifolia,Gbux06,2021-09-05T20:30:17Z,2021-09-18T16:16:41Z,25,12.82389398,zygomorphic,1.55,shrub (woody plant branching from the base),1.6,3.3,14,450,2,1.7,"white, grey, brown",present (at least at base),"Murrua Trail, North Turramurra",-33.69307,151.1445
Gompholobium grandiflorum,Ggra01,2021-09-14T02:36:43Z,2021-09-17T20:15:37Z,8,3.735338542,zygomorphic,1.1,shrub (woody plant branching from the base),1.1,6.5,0,40,NA,NA,yellow,present (at least at base),"Murrua Trail, North Turramurra",-33.69307,151.1445
Gompholobium grandiflorum,Ggra02,2021-09-17T15:30:44Z,2021-09-21T04:08:40Z,11,3.526349958,zygomorphic,1.1,shrub (woody plant branching from the base),1.4,22,2,300,2,2.5,yellow,"absent, present (at least at base)","Murrua Trail, North Turramurra",-33.69307,151.1445
Gompholobium grandiflorum,Ggra03,2021-09-15T17:38:47Z,2021-09-18T05:00:43Z,11,2.473563763,zygomorphic,0.4,shrub (woody plant branching from the base),0.53,5.5,4,22,2,2.8,yellow,"absent, present (at least at base)","Murrua Trail, North Turramurra",-33.69307,151.1445
Gompholobium grandiflorum,Ggra04,2021-09-17T12:08:30Z,2021-09-20T03:01:38Z,8,2.620228588,zygomorphic,1.2,shrub (woody plant branching from the base),1.5,6,25,100,2.3,2.7,yellow,"absent, present (at least at base)","Murrua Trail, North Turramurra",-33.69307,151.1445
Gompholobium grandiflorum,Ggra05,2021-09-17T09:23:14Z,2021-09-21T16:52:12Z,11,4.311779251,zygomorphic,1.75,shrub (woody plant branching from the base),2.25,20,50,300,2,2.4,yellow,"absent, present (at least at base)","Murrua Trail, North Turramurra",-33.69307,151.1445
Gompholobium grandiflorum,Ggra06,2021-09-19T04:44:06Z,2021-09-22T05:33:16Z,7,3.034145172,zygomorphic,0.65,shrub (woody plant branching from the base),0.75,9,1,85,2.2,2.1,yellow,"absent, present (at least at base)","Murrua Trail, North Turramurra",-33.69307,151.1445
Gompholobium latifolium,Glat01,2022-09-20T15:13:00Z,2022-09-24T23:13:03Z,4,4.333365162,zygomorphic,0.7,shrub (woody plant branching from the base),1.5,7,5,210,3,4.1,yellow,absent,"Sassafras Gully, Springwood",-33.702902,150.553083
Gompholobium latifolium,Glat02,2022-09-27T19:45:07Z,2022-09-30T05:40:26Z,6,2.413410494,zygomorphic,1.16,shrub (woody plant branching from the base),1.47,10,2,130,3,5,yellow,absent,"Sassafras Gully, Springwood",-33.702902,150.553083
Gompholobium latifolium,Glat03,2022-09-30T05:11:44Z,2022-10-03T06:33:34Z,3,3.05683642,zygomorphic,0.28,shrub (woody plant branching from the base),0.6,12,4,9,3.1,4.6,yellow,absent,"Sassafras Gully, Springwood",-33.702902,150.553083
Gompholobium latifolium,Glat04,2022-09-29T22:25:28Z,2022-10-03T11:40:34Z,4,3.552149884,zygomorphic,1.55,shrub (woody plant branching from the base),2.5,9,20,50,3.2,4.6,yellow,absent,"Sassafras Gully, Springwood",-33.702902,150.553083
Gompholobium latifolium,Glat05,2022-09-29T20:03:43Z,2022-10-02T23:16:53Z,5,3.134141204,zygomorphic,1.91,shrub (woody plant branching from the base),2.2,5,7,150,3.8,4.4,yellow,absent,"Sassafras Gully, Springwood",-33.702902,150.553083
Grevillea mucronulata,Gmuc01,2022-09-17T03:57:46Z,2022-09-21T00:11:14Z,2,3.842685185,zygomorphic,0.5,shrub (woody plant branching from the base),0.68,4.8,0,3,2.5,1,green,present (at least at base),"Sassafras Gully, Springwood",-33.702902,150.553083
Grevillea mucronulata,Gmuc02,2022-09-25T02:16:23Z,2022-09-30T13:58:09Z,6,5.487330247,zygomorphic,0.74,shrub (woody plant branching from the base),0.96,6,4,15,3,0.9,green,present (at least at base),"Sassafras Gully, Springwood",-33.702902,150.553083
Grevillea mucronulata,Gmuc03,2022-09-25T05:15:44Z,2022-10-01T04:11:05Z,2,5.955104167,zygomorphic,0.38,shrub (woody plant branching from the base),0.83,5,4,43,3,1,green,present (at least at base),"Sassafras Gully, Springwood",-33.702902,150.553083
Grevillea mucronulata,Gmuc04,2022-09-22T08:51:20Z,2022-09-26T17:33:30Z,3,4.362615741,zygomorphic,0.37,shrub (woody plant branching from the base),0.7,3.5,0,3,2.5,0.9,green,present (at least at base),"Sassafras Gully, Springwood",-33.702902,150.553083
Grevillea mucronulata,Gmuc06,2022-10-02T05:30:52Z,2022-10-07T22:29:08Z,1,5.70712963,zygomorphic,0.33,shrub (woody plant branching from the base),0.75,2.5,0,12,NA,NA,green,present (at least at base),"Sassafras Gully, Springwood",-33.702902,150.553083
Grevillea mucronulata,Gmuc07,2022-10-01T22:31:45Z,2022-10-07T09:10:54Z,3,5.443850309,zygomorphic,0.41,shrub (woody plant branching from the base),0.83,3,1,7,3,0.9,green,present (at least at base),"Sassafras Gully, Springwood",-33.702902,150.553083
Grevillea speciosa,Gspe02,2021-08-16T00:46:08Z,2021-08-21T13:13:18Z,7,5.518867394,zygomorphic,0.85,shrub (woody plant branching from the base),1.55,8,6,57,3.6,0.6,red,"absent, present (at least at base)","Murrua Trail, North Turramurra",-33.69307,151.1445
Grevillea speciosa,Gspe03,2021-07-26T09:20:05Z,2021-08-01T00:31:36Z,7,5.632991071,zygomorphic,0.99,shrub (woody plant branching from the base),1.75,7,11,90,3.8,0.7,red,"absent, present (at least at base)","Murrua Trail, North Turramurra",-33.69307,151.1445
Grevillea speciosa,Gspe04,2021-07-22T08:45:17Z,2021-07-30T06:57:52Z,24,7.925406539,zygomorphic,1.4,shrub (woody plant branching from the base),1.9,6,5,5,3.8,0.7,red,"absent, present (at least at base)","Murrua Trail, North Turramurra",-33.69307,151.1445
Grevillea speciosa,Gspe05,2021-08-16T23:50:00Z,2021-08-20T15:07:25Z,5,3.637087963,zygomorphic,1.2,shrub (woody plant branching from the base),1.4,4,1,23,3.7,0.7,red,"absent, present (at least at base)","Murrua Trail, North Turramurra",-33.69307,151.1445
Grevillea speciosa,Gspe06,2021-07-25T04:07:32Z,2021-07-31T03:30:38Z,5,5.974375,zygomorphic,0.65 metres,shrub (woody plant branching from the base),2.2 metres,3 cm,0,180,N/A,N/A,red,absent,"Murrua Trail, North Turramurra",-33.69307,151.1445
Grevillea speciosa,Gspe08,2021-08-19T09:35:35Z,2021-08-26T03:51:46Z,12,6.761231674,zygomorphic,2.05,shrub (woody plant branching from the base),3,3.5,17,90,4,1.2,red,present (at least at base),"Murrua Trail, North Turramurra",-33.69307,151.1445
Hibbertia cistiflora,Hcis01,2021-07-29T16:38:21Z,2021-08-04T07:20:38Z,8,5.612690972,actinomorphic,0.09-0.46,shrub (woody plant branching from the base),0.46,N/A single flowered inflorescences,0,11,NA,NA,yellow,absent,"Murrua Trail, North Turramurra",-33.69307,151.1445
Hibbertia cistiflora,Hcis02,2021-07-16T22:06:14Z,2021-07-25T03:12:28Z,4,8.212667824,actinomorphic,0.29,shrub (woody plant branching from the base),0.36,8,0,10,NA,NA,yellow,absent,"Murrua Trail, North Turramurra",-33.69307,151.1445
Hibbertia cistiflora,Hcis03,2021-08-07T12:33:36Z,2021-08-10T05:09:35Z,18,2.691661523,actinomorphic,0.4,shrub (woody plant branching from the base),0.4,2.7,1,25,0.4,2.7,yellow,absent,"Murrua Trail, North Turramurra",-33.69307,151.1445
Hibbertia cistiflora,Hcis04,2021-08-04T23:36:12Z,2021-08-09T04:33:08Z,5,4.206203704,actinomorphic,0.22,shrub (woody plant branching from the base),0.25,NA,NA,NA,NA,NA,yellow,absent,"Murrua Trail, North Turramurra",-33.69307,151.1445
Hibbertia cistiflora,Hcis05,2021-07-25T03:56:24Z,2021-07-28T22:10:54Z,4,3.760072338,actinomorphic,0.39,shrub (woody plant branching from the base),0.39,3.2,1,10,0.5,3.3,yellow,absent,"Murrua Trail, North Turramurra",-33.69307,151.1445
Hakea sericea,Hser01,2021-08-06T07:52:40Z,2021-08-21T16:35:06Z,25,15.36279861,zygomorphic,NA,NA,NA,NA,NA,NA,NA,NA,NA,NA,"Murrua Trail, North Turramurra",-33.69307,151.1445
Hakea sericea,Hser02,2021-07-30T13:56:15Z,2021-08-12T17:23:01Z,29,13.14358557,zygomorphic,1.35,shrub (woody plant branching from the base),2,3,30,150,0.6,0.5,white,absent,"Murrua Trail, North Turramurra",-33.69307,151.1445
Hakea sericea,Hser03,2021-07-31T11:14:22Z,2021-08-13T23:52:03Z,20,13.52616725,zygomorphic,1.43,shrub (woody plant branching from the base),1.73,3.5,150,1000,0.6,0.5,white,absent,"Murrua Trail, North Turramurra",-33.69307,151.1445
Hakea sericea,Hser04,2021-08-01T16:04:01Z,2021-08-11T13:55:47Z,20,9.910939815,zygomorphic,0.9,shrub (woody plant branching from the base),1.93,2,120,1000,0.6,0.5,white,absent,"Murrua Trail, North Turramurra",-33.69307,151.1445
Hakea sericea,Hser05,2021-08-02T01:16:45Z,2021-08-14T00:51:07Z,13,11.98219729,zygomorphic,1.25,shrub (woody plant branching from the base),1.6,3,450,700,0.6,0.6,white,absent,"Murrua Trail, North Turramurra",-33.69307,151.1445
Hybanthus vernonii,Hver01,2022-10-13T03:12:12Z,2022-10-29T03:58:29Z,4,16.03214988,zygomorphic,0.12,shrub (woody plant branching from the base),0.15,4,5,8,1.5,0.8,purple,absent,"Yondell Ave, Springwood",-33.717968,150.55742
Hybanthus vernonii,Hver02,2022-10-22T16:09:06Z,2022-11-04T17:05:57Z,9,13.03948302,zygomorphic,0.29,shrub (woody plant branching from the base),0.32,5,5,9,1.4,0.8,purple,"absent, present (at least at base)","Yondell Ave, Springwood",-33.717968,150.55742
Hybanthus vernonii,Hver03,2022-10-15T14:45:52Z,2022-10-30T13:28:40Z,4,14.94638021,zygomorphic,0.29,shrub (woody plant branching from the base),0.37,5,4,10,1.5,0.8,purple,"absent, present (at least at base)","Yondell Ave, Springwood",-33.717968,150.55742
Hybanthus vernonii,Hver04,2022-10-15T12:01:15Z,2022-10-29T13:42:03Z,3,14.07000386,zygomorphic,0.26,shrub (woody plant branching from the base),0.51,4,9,11,1.5,0.9,purple,"absent, present (at least at base)","Yondell Ave, Springwood",-33.717968,150.55742
Hybanthus vernonii,Hver06,2022-10-25T16:34:28Z,2022-11-07T03:36:55Z,2,12.46002894,zygomorphic,0.2,shrub (woody plant branching from the base),0.22,3,2,5,1,0.7,purple,absent,"Yondell Ave, Springwood",-33.717968,150.55742
Kunzea capitata,Kcap01,2021-10-12T20:24:04Z,2021-10-21T19:28:29Z,7,8.96140873,actinomorphic,NA,NA,NA,NA,NA,NA,NA,NA,NA,NA,"Murrua Trail, North Turramurra",-33.69307,151.1445
Kunzea capitata,Kcap02,2021-10-12T11:29:52Z,2021-10-19T02:06:55Z,9,6.609061214,actinomorphic,0.52,shrub (woody plant branching from the base),0.76,2,15,25,1.5,1.4,"pink, purple",absent,"Murrua Trail, North Turramurra",-33.69307,151.1445
Kunzea capitata,Kcap03,2021-10-13T00:03:22Z,2021-10-20T11:43:56Z,8,7.486507523,actinomorphic,0.43,shrub (woody plant branching from the base),0.5,2.4,9,30,1.1,1.6,"pink, purple",absent,"Murrua Trail, North Turramurra",-33.69307,151.1445
Kunzea capitata,Kcap04,2021-10-08T21:53:03Z,2021-10-17T20:22:59Z,4,8.937456597,actinomorphic,0.54,shrub (woody plant branching from the base),0.67,2.1,50,12,1.6,1.6,"pink, purple",absent,"Murrua Trail, North Turramurra",-33.69307,151.1445
Kunzea capitata,Kcap05,2021-10-11T03:23:04Z,2021-10-19T15:48:03Z,7,8.517349537,actinomorphic,0.7,shrub (woody plant branching from the base),0.73,2.2,13,45,0.9,1.1,"pink, purple",absent,"Murrua Trail, North Turramurra",-33.69307,151.1445
Kunzea capitata,Kcap06,2021-10-14T01:59:21Z,2021-10-20T03:03:05Z,2,6.044259259,actinomorphic,0.35,shrub (woody plant branching from the base),0.45,1.5,16,40,1.4,1.1,"pink, purple",absent,"Murrua Trail, North Turramurra",-33.69307,151.1445
Leucopogon ericoides,Leri02,2021-08-03T15:43:22Z,2021-08-12T16:18:03Z,18,9.024084362,actinomorphic,1.5,shrub (woody plant branching from the base),2.15,2.5,100,1000,0.5,0.5,white,present (at least at base),"Murrua Trail, North Turramurra",-33.69307,151.1445
Leucopogon ericoides,Leri03,2021-08-29T03:32:57Z,2021-09-02T20:03:54Z,14,4.688162202,actinomorphic,1.05,shrub (woody plant branching from the base),1.35,4,1000,1000,0.5,0.5,white,present (at least at base),"Murrua Trail, North Turramurra",-33.69307,151.1445
Leucopogon ericoides,Leri04,2021-08-15T00:38:30Z,2021-08-19T17:25:38Z,24,4.699405864,actinomorphic,0.6,shrub (woody plant branching from the base),1.5,4,10,1000,0.5,0.4,white,present (at least at base),"Murrua Trail, North Turramurra",-33.69307,151.1445
Leucopogon ericoides,Leri05,2021-08-11T10:06:04Z,2021-08-18T07:46:15Z,22,6.90290404,actinomorphic,0.47,shrub (woody plant branching from the base),0.7,2,8,130,0.5,0.5,white,present (at least at base),"Murrua Trail, North Turramurra",-33.69307,151.1445
Leucopogon ericoides,Leri06,2021-08-24T09:34:16Z,2021-09-01T11:44:31Z,17,8.090446623,actinomorphic,1.15,shrub (woody plant branching from the base),2.15,1.8,1000,1000,0.4,0.4,white,present (at least at base),"Murrua Trail, North Turramurra",-33.69307,151.1445
Lomandra longifolia,Llon01,2022-09-16T12:53:51Z,2022-09-29T05:37:28Z,11,12.69694865,actinomorphic,0.34,herb,0.65,26.5,380,160,0.5,0.15,"white, yellow",present (at least at base),"Sassafras Gully, Springwood",-33.702902,150.553083
Lomandra longifolia,Llon02,2022-09-17T19:34:41Z,2022-09-25T12:56:01Z,13,7.723157051,actinomorphic,0.35,herb,0.52,25,400,100,0.7,0.2,"white, yellow",present (at least at base),"Sassafras Gully, Springwood",-33.702902,150.553083
Lomandra longifolia,Llon03,2022-09-17T02:37:07Z,2022-09-26T04:40:36Z,9,9.085749743,actinomorphic,0.51,herb,0.75,21,150,130,0.6,0.2,"white, yellow",present (at least at base),"Sassafras Gully, Springwood",-33.702902,150.553083
Lomandra longifolia,Llon04,2022-09-17T03:08:27Z,2022-09-26T06:31:41Z,9,9.141126543,actinomorphic,0.39,herb,0.59,30,270,150,0.6,0.25,"white, yellow",present (at least at base),"Sassafras Gully, Springwood",-33.702902,150.553083
Lomandra longifolia,Llon05,2022-09-15T10:39:52Z,2022-09-25T20:40:59Z,12,10.41744695,actinomorphic,0.4,herb,0.81,27,300,300,0.5,0.1,white,present (at least at base),"Sassafras Gully, Springwood",-33.702902,150.553083
Mitrasacme polymorpha,Mpol01,2022-10-22T14:38:42Z,2022-10-28T01:14:02Z,7,5.441203704,actinomorphic,0.12,shrub (woody plant branching from the base),0.22,1.5,4,25,0.5,1.5,white,absent,"Yondell Ave, Springwood",-33.717968,150.55742
Mitrasacme polymorpha,Mpol03,2022-10-25T08:05:23Z,2022-10-29T16:27:13Z,6,4.348501157,actinomorphic,0.15,shrub (woody plant branching from the base),0.18,1.2,1,15,0.5,1.2,white,absent,"Yondell Ave, Springwood",-33.717968,150.55742
Mitrasacme polymorpha,Mpol04,2022-10-28T14:55:08Z,2022-11-03T04:20:20Z,7,5.55917328,actinomorphic,0.06,shrub (woody plant branching from the base),0.16,1.15,3,30,0.45,1.15,white,absent,"Yondell Ave, Springwood",-33.717968,150.55742
Mitrasacme polymorpha,Mpol05,2022-10-27T18:59:09Z,2022-11-03T23:01:11Z,5,7.168078704,actinomorphic,0.14,shrub (woody plant branching from the base),0.22,1.4,3,20,0.5,1.4,white,absent,"Yondell Ave, Springwood",-33.717968,150.55742
Mitrasacme polymorpha,Mpol06,2022-11-04T06:01:36Z,2022-11-08T15:05:55Z,8,4.378000579,actinomorphic,NA,NA,NA,NA,NA,NA,NA,NA,NA,NA,"Yondell Ave, Springwood",-33.717968,150.55742
Olax stricta,Ostr01,2022-10-11T15:56:32Z,2022-10-13T21:40:14Z,4,2.238680556,actinomorphic,0.95,shrub (woody plant branching from the base),1.37,9,40,90,0.4,0.8,white,absent,"Yondell Ave, Springwood",-33.717968,150.55742
Olax stricta,Ostr02,2022-10-10T23:18:30Z,2022-10-12T20:51:50Z,4,1.898148148,actinomorphic,0.35,shrub (woody plant branching from the base),0.96,20,3,15,0.4,0.9,white,absent,"Yondell Ave, Springwood",-33.717968,150.55742
Olax stricta,Ostr03,2022-10-13T19:31:26Z,2022-10-17T04:50:30Z,3,3.388240741,actinomorphic,0.67,shrub (woody plant branching from the base),0.9,22,3,4,0.4,0.5,white,present (at least at base),"Yondell Ave, Springwood",-33.717968,150.55742
Olax stricta,Ostr04,2022-11-08T14:26:52Z,2022-11-12T16:31:07Z,2,4.086284722,actinomorphic,0.61,shrub (woody plant branching from the base),0.73,1,0,4,0.4,0.3,white,present (at least at base),"Yondell Ave, Springwood",-33.717968,150.55742
Philotheca hispidula,Phis01,2022-09-20T16:07:41Z,2022-09-28T15:21:22Z,6,7.967841435,actinomorphic,0.86,shrub (woody plant branching from the base),0.87,2.8,35,45,0.4,2.1,white,absent,"Sassafras Gully, Springwood",-33.702902,150.553083
Philotheca hispidula,Phis02,2022-09-24T00:20:06Z,2022-10-02T03:23:53Z,7,8.127617394,actinomorphic,1.07,shrub (woody plant branching from the base),1.11,4,18,45,0.5,2.1,white,absent,"Sassafras Gully, Springwood",-33.702902,150.553083
Philotheca hispidula,Phis03,2022-09-21T17:36:11Z,2022-09-29T02:04:10Z,12,7.352761381,actinomorphic,0.4,shrub (woody plant branching from the base),0.65,7,60,60,0.6,2.1,white,absent,"Sassafras Gully, Springwood",-33.702902,150.553083
Philotheca hispidula,Phis04,2022-09-23T06:24:53Z,2022-09-29T21:40:39Z,8,6.635959201,actinomorphic,0.2,shrub (woody plant branching from the base),0.45,6,25,70,0.6,2.5,white,absent,"Sassafras Gully, Springwood",-33.702902,150.553083
Philotheca hispidula,Phis05,2022-09-26T04:52:57Z,2022-10-03T15:25:52Z,10,7.439525463,actinomorphic,0.97,shrub (woody plant branching from the base),1.35,4,3,45,0.5,2.5,white,absent,"Sassafras Gully, Springwood",-33.702902,150.553083
Pimelea linifolia,Plin01,2022-10-07T08:15:25Z,2022-10-10T08:12:29Z,10,2.99796412,actinomorphic,0.45,shrub (woody plant branching from the base),0.55,2,10,100,2,0.7,white,present (at least at base),"Yondell Ave, Springwood",-33.717968,150.55742
Pimelea linifolia,Plin02,2022-10-09T12:01:21Z,2022-10-12T09:30:30Z,20,2.895239583,actinomorphic,0.64,shrub (woody plant branching from the base),0.65,2,12,85,1.5,0.8,white,present (at least at base),"Yondell Ave, Springwood",-33.717968,150.55742
Pimelea linifolia,Plin03,2022-10-07T20:40:02Z,2022-10-10T22:49:15Z,14,3.089733796,actinomorphic,0.32,shrub (woody plant branching from the base),0.46,1.8,20,100,1.5,0.8,white,present (at least at base),"Yondell Ave, Springwood",-33.717968,150.55742
Pimelea linifolia,Plin04,2022-10-07T11:48:09Z,2022-10-10T21:31:39Z,17,3.405207653,actinomorphic,0.26,shrub (woody plant branching from the base),0.35,2.2,40,100,1.7,0.7,white,present (at least at base),"Yondell Ave, Springwood",-33.717968,150.55742
Pimelea linifolia,Plin05,2022-10-06T03:14:25Z,2022-10-11T08:30:02Z,10,5.21918287,actinomorphic,0.36,shrub (woody plant branching from the base),0.5,1.8,25,140,1.5,0.7,white,present (at least at base),"Yondell Ave, Springwood",-33.717968,150.55742
Phyllota phylicoides,Pphy03,2021-08-19T05:37:19Z,2021-08-25T08:20:17Z,20,6.113172454,zygomorphic,1.15,shrub (woody plant branching from the base),1.32,2,10,180,1.5,0.9,yellow,present (at least at base),"Murrua Trail, North Turramurra",-33.69307,151.1445
Phyllota phylicoides,Pphy04,2021-08-31T17:57:54Z,2021-09-05T04:16:28Z,2,4.429560185,zygomorphic,0.75,shrub (woody plant branching from the base),1.05,2.5,0,250,1.5,1.5,yellow,present (at least at base),"Murrua Trail, North Turramurra",-33.69307,151.1445
Phyllota phylicoides,Pphy06,2021-08-27T17:09:15Z,2021-09-02T15:52:16Z,35,5.946544312,zygomorphic,NA,NA,NA,NA,NA,NA,NA,NA,NA,NA,"Murrua Trail, North Turramurra",-33.69307,151.1445
Phyllota phylicoides,Pphy07,2021-09-02T21:58:10Z,2021-09-05T04:22:33Z,22,2.266926031,zygomorphic,1.05,shrub (woody plant branching from the base),1.15,4,1,250,1.1,1.1,yellow,present (at least at base),"Murrua Trail, North Turramurra",-33.69307,151.1445
Phyllota phylicoides,Pphy08,2021-09-08T09:19:45Z,2021-09-10T22:03:53Z,15,2.530647377,zygomorphic,1.1,shrub (woody plant branching from the base),1.15,2,40,150,1.3,0.9,yellow,present (at least at base),"Murrua Trail, North Turramurra",-33.69307,151.1445
Pultenaea scabra,Psca02,2022-09-18T13:26:38Z,2022-09-22T00:17:52Z,5,3.45225,zygomorphic,0.93,shrub (woody plant branching from the base),0.98,2.8,20,700,1.1,0.8,yellow,absent,"Sassafras Gully, Springwood",-33.702902,150.553083
Pultenaea scabra,Psca03,2022-09-17T22:26:22Z,2022-09-20T20:24:30Z,5,2.915377315,zygomorphic,0.47,shrub (woody plant branching from the base),0.52,2.5,15,200,1.1,1,yellow,absent,"Sassafras Gully, Springwood",-33.702902,150.553083
Pultenaea scabra,Psca04,2022-09-23T17:43:34Z,2022-09-25T22:44:59Z,5,2.209324074,zygomorphic,0.45,shrub (woody plant branching from the base),0.87,2.5,1,500,1,1.1,yellow,absent,"Sassafras Gully, Springwood",-33.702902,150.553083
Pultenaea scabra,Psca05,2022-09-22T23:52:58Z,2022-09-26T06:06:07Z,11,3.259132997,zygomorphic,0.63,shrub (woody plant branching from the base),1.26,2.2,50,1000,1.2,1,yellow,absent,"Sassafras Gully, Springwood",-33.702902,150.553083
Pultenaea scabra,Psca06,2022-09-27T14:15:51Z,2022-09-30T13:32:26Z,4,2.969840856,zygomorphic,0.23,shrub (woody plant branching from the base),0.48,2.2,22,500,1.3,1.4,yellow,absent,"Sassafras Gully, Springwood",-33.702902,150.553083
Patersonia sericea,Pser01,2022-10-17T05:54:49Z,2022-10-19T03:08:26Z,1,1.884456019,actinomorphic,0.13,herb,0.13,4.5,1,0,4,4,purple,present (at least at base),"Yondell Ave, Springwood",-33.717968,150.55742
Patersonia sericea,Pser02,2022-10-18T12:07:59Z,2022-10-19T03:02:01Z,3,0.620852623,actinomorphic,0.12,herb,0.17,5.5,1,2,4,4.5,purple,present (at least at base),"Yondell Ave, Springwood",-33.717968,150.55742
Patersonia sericea,Pser03,2022-10-17T21:06:39Z,2022-10-19T02:09:01Z,3,1.209969136,actinomorphic,0.12,herb,0.16,5,2,8,4.5,4,purple,present (at least at base),"Yondell Ave, Springwood",-33.717968,150.55742
Patersonia sericea,Pser04,2022-10-18T04:49:22Z,2022-10-19T02:26:16Z,4,0.900619213,actinomorphic,0.1,herb,0.16,4.5,2,0,4.5,4,purple,present (at least at base),"Yondell Ave, Springwood",-33.717968,150.55742
Patersonia sericea,Pser05,2022-10-17T07:21:53Z,2022-10-19T02:49:13Z,1,1.810648148,actinomorphic,0.1,herb,0.11,4.5,1,0,4.5,4,purple,present (at least at base),"Yondell Ave, Springwood",-33.717968,150.55742
Pittosporum undulatum,Pund01,2022-09-19T00:51:07Z,2022-09-23T16:19:04Z,10,4.644408565,actinomorphic,2.05,"tree or tree-like (with a clear, main trunk)",6,5.5,800,200,1.1,1.3,white,present (at least at base),"Sassafras Gully, Springwood",-33.702902,150.553083
Pittosporum undulatum,Pund02,2022-09-17T15:27:27Z,2022-09-22T12:40:00Z,7,4.883713624,actinomorphic,1.92,shrub (woody plant branching from the base),2.6,5,70,35,1.2,1.3,white,present (at least at base),"Sassafras Gully, Springwood",-33.702902,150.553083
Pittosporum undulatum,Pund03,2022-09-17T11:13:44Z,2022-09-23T10:39:47Z,6,5.976431327,actinomorphic,2.02,shrub (woody plant branching from the base),3,5,120,50,1,1.1,white,present (at least at base),"Sassafras Gully, Springwood",-33.702902,150.553083
Pittosporum undulatum,Pund04,2022-09-18T00:43:02Z,2022-09-22T20:17:51Z,10,4.81583912,actinomorphic,0.96,shrub (woody plant branching from the base),1.97,6,160,50,1.1,1.4,white,present (at least at base),"Sassafras Gully, Springwood",-33.702902,150.553083
Pittosporum undulatum,Pund05,2022-09-18T21:26:58Z,2022-09-24T03:45:39Z,5,5.262972222,actinomorphic,1.64,shrub (woody plant branching from the base),3,5.4,19,7,1.2,1.4,white,present (at least at base),"Sassafras Gully, Springwood",-33.702902,150.553083
Stylidium graminifolium,Sgra01,2022-10-29T13:42:33Z,2022-11-08T14:04:35Z,22,10.0152983,zygomorphic,0.89,herb,0.89,23,10,30,3,2.6,pink,present (at least at base),"Yondell Ave, Springwood",-33.717968,150.55742
Stylidium graminifolium,Sgra02,2022-10-31T05:15:17Z,2022-11-06T10:21:13Z,30,6.212448688,zygomorphic,1.03,herb,1.03,23,11,60,3.4,2.4,pink,present (at least at base),"Yondell Ave, Springwood",-33.717968,150.55742
Stylidium graminifolium,Sgra03,2022-10-30T14:08:17Z,2022-11-04T21:53:13Z,22,5.322866162,zygomorphic,0.81,herb,0.87,17,6,20,2.5,2.5,pink,present (at least at base),"Yondell Ave, Springwood",-33.717968,150.55742
Stylidium graminifolium,Sgra04,2022-10-27T00:49:44Z,2022-11-01T04:57:16Z,11,5.171892887,zygomorphic,0.74,"herb, shrub (woody plant branching from the base)",0.83,14,3,60,2.5,2.3,pink,present (at least at base),"Yondell Ave, Springwood",-33.717968,150.55742
Stylidium graminifolium,Sgra05,2022-10-28T14:46:36Z,2022-11-02T19:39:48Z,10,5.203608796,zygomorphic,0.73,herb,0.81,11,7,100,1.8,2.6,pink,present (at least at base),"Yondell Ave, Springwood",-33.717968,150.55742
Scaevola ramosissima,Sram01,2022-10-29T19:52:21Z,2022-11-05T04:30:59Z,3,6.360158179,zygomorphic,0.04,herb,0.24,3.6,2,10,3,3.2,purple,absent,"Yondell Ave, Springwood",-33.717968,150.55742
Scaevola ramosissima,Sram03,2022-10-26T08:33:40Z,2022-10-30T05:14:05Z,4,3.861403356,zygomorphic,0.02,herb,0.18,3,1,20,3,3.4,purple,absent,"Yondell Ave, Springwood",-33.717968,150.55742
Scaevola ramosissima,Sram04,2022-10-28T17:10:08Z,2022-11-04T10:21:42Z,4,6.716362847,zygomorphic,0.1,herb,0.55,3.8,3,15,3.1,3.3,purple,absent,"Yondell Ave, Springwood",-33.717968,150.55742
Scaevola ramosissima,Sram05,2022-10-28T09:22:17Z,2022-11-02T04:43:54Z,5,4.806680556,zygomorphic,0.04,herb,0.21,8,1,14,3.2,3.1,purple,absent,"Yondell Ave, Springwood",-33.717968,150.55742
Scaevola ramosissima,Sram06,2022-11-05T06:41:52Z,2022-11-20T03:35:02Z,1,14.87025463,zygomorphic,0.12,herb,0.37,9,1,4,3.2,3.4,purple,absent,"Yondell Ave, Springwood",-33.717968,150.55742
Xanthosia pilosa,Xpil01,2022-09-19T12:06:33Z,2022-09-27T16:31:22Z,3,8.183900463,actinomorphic,0.14,"herb, shrub (woody plant branching from the base)",0.28,1.2,60,NA,0.5,0.4,"white, green",present (at least at base),"Sassafras Gully, Springwood",-33.702902,150.553083
Xanthosia pilosa,Xpil02,2022-09-19T05:40:29Z,2022-09-26T13:50:39Z,2,7.340399306,actinomorphic,0.09,"herb, shrub (woody plant branching from the base)",0.27,0.05,8,30,0.5,0.3,"white, green",present (at least at base),"Sassafras Gully, Springwood",-33.702902,150.553083
Xanthosia pilosa,Xpil03,2022-09-21T00:00:25Z,2022-09-28T00:55:19Z,2,7.038125,actinomorphic,0.1,shrub (woody plant branching from the base),0.28,0.5,20,20,0.5,0.3,"white, green",present (at least at base),"Sassafras Gully, Springwood",-33.702902,150.553083
Xanthosia pilosa,Xpil04,2022-09-25T14:18:16Z,2022-10-01T20:34:36Z,4,6.261339699,actinomorphic,0.14,shrub (woody plant branching from the base),0.22,0.5,100,100,0.5,0.3,"white, green",present (at least at base),"Sassafras Gully, Springwood",-33.702902,150.553083
Xanthosia pilosa,Xpil05,2022-09-23T15:52:10Z,2022-09-28T15:20:24Z,2,4.977939815,actinomorphic,0.3,shrub (woody plant branching from the base),0.31,1.2,1,2,0.5,0.4,white,present (at least at base),"Sassafras Gully, Springwood",-33.702902,150.553083